,source,model,image,description,url,price,sku,brand,width,width_i,height,height_i,length,length_i,sit_height,sit_height_i,depth,depth_i,sleep
0,mobelringen,Happy hjørnesofa,https://www.mobelringen.no/media/catalog/product/cache/bc1e159b67398ba35d189fa382110a17/2/7/270169009_3805203.png,"Oppsett: 2-seter, hjørne, 2-seter. Tekstil Shadow pewter. Ben oljet eik. Løse konvoluttputer (A1).",https://www.mobelringen.no/happy-hjornesofa-270169009,35599 NOK,270169009,TROELS MØBLER AS,269,269.0,89,89.0,269,269.0,47,47.0,102,102.0,False
1,mobelringen,Easy modulsofa,https://www.mobelringen.no/media/catalog/product/cache/bc1e159b67398ba35d189fa382110a17/1/8/185695045_808810.png,"Oppsett hjørne: H23/32-divan, standardputer (TD) arm D. Tekstil Troy light grey. Ben eik, 8 cm. Pris eks. nakkestøtte/midtarmlene.",https://www.mobelringen.no/easy-modulsofa-185695045,22299 NOK,185695045,SCAPA BALTIC UAB,325,325.0,90,90.0,260,260.0,,,95/154,,False
2,mobelringen,Marie modulsofa,https://www.mobelringen.no/media/catalog/product/cache/bc1e159b67398ba35d189fa382110a17/2/8/289009007_3711933.png,"Oppsett 2,5-seter, hjørne, 3-seter duo. Tekstil Ruby light grey. Ben børstet aluminium, 20 cm.",https://www.mobelringen.no/marie-modulsofa-289009007,35799 NOK,289009007,HJELLEGJERDE AS,273,273.0,80,80.0,235,235.0,45,45.0,88,88.0,False
3,mobelringen,Easy modulsofa,https://www.mobelringen.no/media/catalog/product/cache/bc1e159b67398ba35d189fa382110a17/1/8/185695071_8554049.png,"Oppsett hjørne (H23/32-divan TD arm D). Tekstil Danny grey. Ben sort, 5 cm. Pris eks. nakkestøtte/midtarmlene.",https://www.mobelringen.no/easy-modulsofa-185695071,22799 NOK,185695071,SCAPA BALTIC UAB,325,325.0,90,90.0,260,260.0,,,95/152,,False
4,mobelringen,Anne modulsofa,https://www.mobelringen.no/media/catalog/product/cache/bc1e159b67398ba35d189fa382110a17/2/7/275130006_3987328.jpg,"Oppsett: Arm 1-2,5-seter-90-endemodul høyre. Tekstil Laguna velvet dark blue, vinkelbein i sort. Med konvoluttputer 50x50/soft.",https://www.mobelringen.no/anne-hjornesofa-275130006,28699 NOK,275130006,HJELLEGJERDE AS,280,280.0,86,86.0,202,202.0,47,47.0,85,85.0,False
5,mobelringen,Sandefjord modulsofa,https://www.mobelringen.no/media/catalog/product/cache/bc1e159b67398ba35d189fa382110a17/2/8/289065003_3399881.png,"Oppsett 2,5-seter, sv, 1,5-seter. Arm J. Soft ryggpute. Med pyntepute (42x42 cm). Tekstil Mine koks. Ben E, matt sort.",https://www.mobelringen.no/sandefjord-modulsofa-289065003,39999 NOK,289065003,STORDAL AS,236,236.0,84,84.0,182,182.0,46,46.0,85,85.0,False
6,mobelringen,Mantovani pall,https://www.mobelringen.no/media/catalog/product/cache/bc1e159b67398ba35d189fa382110a17/3/0/303569001_3967328.png,"Tekstil Panama Gold. Soft pute. Ben eik sort, 12 cm.",https://www.mobelringen.no/mantovani-pall-303569001,3999 NOK,303569001,HJELLEGJERDE AS,65,65.0,45,45.0,,,45,45.0,50,50.0,False
7,mobelringen,Ventos modulsofa,https://www.mobelringen.no/media/catalog/product/cache/bc1e159b67398ba35d189fa382110a17/3/0/306740001_8554055.png,"Oppsett E med longseat, arm A. Tekstil Nordby salt&pepper. Sorte ben.",https://www.mobelringen.no/ventos-modulsofa,23999 NOK,306740001,SCAPA BALTIC UAB,333,333.0,86,86.0,263,263.0,44,44.0,95/170,,False
8,mobelringen,HØDNEBØ® Hvaler pall,https://www.mobelringen.no/media/catalog/product/cache/bc1e159b67398ba35d189fa382110a17/2/9/292282001_3365294.png,"Hud Astro Line Black, stålbøyle sort.",https://www.mobelringen.no/hodnebor-hvaler-pall,9199 NOK,292282001,HØDNEBØ,106,106.0,46,46.0,,,46,46.0,60,60.0,False
9,mobelringen,System + modulsofa,https://www.mobelringen.no/media/catalog/product/cache/bc1e159b67398ba35d189fa382110a17/2/2/229611001_1182592.png,"Oda oppsett N53 vinkel venstre. Tekstil Smartie uni antrazite, 13 cm aluminium ben",https://www.mobelringen.no/system-modulsofa-229611001,44399 NOK,229611001,BRUNSTAD AS,245,245.0,86,86.0,245,245.0,45,45.0,79,79.0,False
10,mobelringen,Embla hjørnesofa,https://www.mobelringen.no/media/catalog/product/cache/bc1e159b67398ba35d189fa382110a17/3/2/322328001_8651470.png,"Oppsett: 3-seter, hjørne, endeavslutning høyre. Tekstil Diana lys granitt, ben wenge.",https://www.mobelringen.no/embla-hjornesofa-322328001,20999 NOK,322328001,DOMINARI - NORTH LIVING,314,314.0,78,78.0,214,214.0,,,94,94.0,False
11,mobelringen,Easy modulsofa,https://www.mobelringen.no/media/catalog/product/cache/bc1e159b67398ba35d189fa382110a17/2/5/256501012_3525777.png,"Oppsett 1-seter, MS, 2,5-seter V TD arm A. Tekstil Danny grey. Sorte 8 cm ben.",https://www.mobelringen.no/easy-modulsofa-256501012,28199 NOK,256501012,SCAPA BALTIC UAB,327,327.0,90,90.0,232,232.0,,,95,95.0,False
12,mobelringen,Annabel 3-seter,https://www.mobelringen.no/media/catalog/product/cache/bc1e159b67398ba35d189fa382110a17/3/0/302663004_3971737.png,Tekstil Adore rust. Antikk nagler. Ben sort eik med gullhjul.,https://www.mobelringen.no/annabel-3-seter,15199 NOK,302663004,TROELS MØBLER AS,235,235.0,82,82.0,,,44,44.0,103,103.0,False
13,mobelringen,Embla hjørnesofa,https://www.mobelringen.no/media/catalog/product/cache/bc1e159b67398ba35d189fa382110a17/3/2/322332001_8691794.png,"Oppsett: Endeavslutning V, hjørne, 2-seter, divan. Tekstil Diana lys granitt. Ben wenge.",https://www.mobelringen.no/embla-hjornesofa-322332001,24999 NOK,322332001,DOMINARI - NORTH LIVING,314,314.0,78,78.0,214,214.0,,,94,94.0,False
14,mobelringen,Melbourne hjørnesofa med divan,https://www.mobelringen.no/media/catalog/product/cache/bc1e159b67398ba35d189fa382110a17/2/9/299264006_8595613.png,"Oppsett E, venstre. Tekstil Eros Moss. Ben sort metall 13,5 cm.",https://www.mobelringen.no/melbourne-hjornesofa-med-divan-299264006,33799 NOK,299264006,SCAPA BALTIC UAB,407,407.0,87/92,,226/165,,,,103,103.0,False
15,mobelringen,Stressless® Emma E200 modulsofa,https://www.mobelringen.no/media/catalog/product/cache/bc1e159b67398ba35d189fa382110a17/3/0/302375001_2738247.jpg,"Oppsett C-22 med long seat. Tekstil Dahlia Light Blue, stålben, 11 cm.",https://www.mobelringen.no/stresslessr-emma-e200-modulsofa,59620 NOK,302375001,STRESSLESS,247,247.0,83,83.0,325,325.0,46,46.0,188,188.0,False
16,mobelringen,Passion modulsofa,https://www.mobelringen.no/media/catalog/product/cache/bc1e159b67398ba35d189fa382110a17/2/5/255790019_3697110.jpg,"Oppsett 21, arm 4. Tekstil Unite apple/winered. Krom ben.",https://www.mobelringen.no/passion-modulsofa-255790019,24659 NOK,255790019,TROELS MØBLER AS,308,308.0,85,85.0,271,271.0,47,47.0,88-148,,False
17,mobelringen,"HØDNEBØ® Tromøya 3,5-seter",https://www.mobelringen.no/media/catalog/product/cache/bc1e159b67398ba35d189fa382110a17/2/9/292266001_3365324.png,"Tekstil Laguna Velvet Coal, ben list krom 12 cm.",https://www.mobelringen.no/hodnebor-tromoya-3-5-seter,24899 NOK,292266001,HØDNEBØ,234,234.0,77,77.0,,,46,46.0,87,87.0,False
18,mobelringen,Fantasy modulsofa,https://www.mobelringen.no/media/catalog/product/cache/bc1e159b67398ba35d189fa382110a17/2/8/283473016_3992418.jpg,"Oppsett D, arm B. Tekstil Uni antrasitt. Soft ryggpute. Ben matt krom, 16 cm.",https://www.mobelringen.no/fantasy-modulsofa-283473016,30599 NOK,283473016,BRUNSTAD AS,240,240.0,80,80.0,191,191.0,44,44.0,89,89.0,False
19,mobelringen,Passion modulsofa,https://www.mobelringen.no/media/catalog/product/cache/bc1e159b67398ba35d189fa382110a17/2/5/255790028_8549607.png,"Oppsett 21, arm 4. Tekstil Casual blue, ben ubehandlet eik. Setepute 35 kg. kaldskum. Nakkestøtte er tillegg i pris.",https://www.mobelringen.no/passion-modulsofa-255790028,26799 NOK,255790028,TROELS MØBLER AS,308,308.0,85,85.0,271,271.0,47,47.0,88-148,,False
20,mobelringen,Balder 3-seter med divan,https://www.mobelringen.no/media/catalog/product/cache/bc1e159b67398ba35d189fa382110a17/2/9/295843_3739761.png,"FAST LAVPRIS. Tekstil Inari blå. Runde ben, mørke brun.",https://www.mobelringen.no/balder-3-seter-med-divan-295843,7999 NOK,295843,DOMINARI,242,242.0,82,82.0,144,144.0,45,45.0,86,86.0,False
21,mobelringen,Embla 2-seter,https://www.mobelringen.no/media/catalog/product/cache/bc1e159b67398ba35d189fa382110a17/3/2/322325001_8651462.png,"Tekstil Diana lys granit, ben wenge.",https://www.mobelringen.no/embla-2-seter,10999 NOK,322325001,DOMINARI - NORTH LIVING,171,171.0,78,78.0,,,,,94,94.0,False
22,mobelringen,"HØDNEBØ® Tromøya 1,5-seter",https://www.mobelringen.no/media/catalog/product/cache/bc1e159b67398ba35d189fa382110a17/2/9/292259002_3365314.png,"Tekstil Laguna Velvet Chanel, ben pyramide sort.",https://www.mobelringen.no/hodnebor-tromoya-1-5-seter-292259002,13799 NOK,292259002,HØDNEBØ,106,106.0,77,77.0,,,46,46.0,87,87.0,False
23,mobelringen,Mantovani pall,https://www.mobelringen.no/media/catalog/product/cache/bc1e159b67398ba35d189fa382110a17/2/5/251972002_2505003.png,"Tekstil Medley mørkebrun, sorte vinkelben.",https://www.mobelringen.no/mantovani-pall,3799 NOK,251972002,HJELLEGJERDE AS,98,98.0,45,45.0,,,,,66,66.0,False
24,mobelringen,Balder pall,https://www.mobelringen.no/media/catalog/product/cache/bc1e159b67398ba35d189fa382110a17/2/9/295853_3854409.png,"FAST LAVPRIS. Tekstil Inari lys grå. Runde ben, mørke brun.",https://www.mobelringen.no/balder-pall,1999 NOK,295853,DOMINARI,72,72.0,44,44.0,,,,,62,62.0,False
25,mobelringen,Happy 3-seter,https://www.mobelringen.no/media/catalog/product/cache/bc1e159b67398ba35d189fa382110a17/2/4/248768004_1044236.png,"XL. Tekstil Ranch desert light blue, eik sortbeiset ben. Konvoluttputer.",https://www.mobelringen.no/happy-3-seter-248768004,19499 NOK,248768004,TROELS MØBLER AS,250,250.0,89,89.0,,,47,47.0,102,102.0,False
26,mobelringen,"Sandefjord 3,5-seter",https://www.mobelringen.no/media/catalog/product/cache/bc1e159b67398ba35d189fa382110a17/1/9/196844006_8678540.png,"Arm K, tekstil Geiranger uni blå, hvitoljet eikeben.",https://www.mobelringen.no/sandefjord-3-5-seter,27899 NOK,196844006,STORDAL AS,224,224.0,84,84.0,,,46,46.0,85,85.0,False
27,mobelringen,Embla 4-seter,https://www.mobelringen.no/media/catalog/product/cache/bc1e159b67398ba35d189fa382110a17/3/2/322327001_8663043.png,"Tekstil Rio sand, ben wenge.",https://www.mobelringen.no/embla-4-seter,18999 NOK,322327001,DOMINARI - NORTH LIVING,271,271.0,78,78.0,,,45,45.0,94,94.0,False
28,mobelringen,Siero hjørnesofa,https://www.mobelringen.no/media/catalog/product/cache/bc1e159b67398ba35d189fa382110a17/3/0/305120002_8608668.png,"Oppsett 2,5-seter, hjørne og avslutning høyre. Arm B. Tekstil Danny antrasitt. Sorte ben.",https://www.mobelringen.no/siero-modulsofa,14999 NOK,305120002,SCAPA BALTIC UAB,260,260.0,85,85.0,210,210.0,46,46.0,92,92.0,False
29,mobelringen,Stream 3-seter,https://www.mobelringen.no/media/catalog/product/cache/bc1e159b67398ba35d189fa382110a17/1/5/151763129_3087544.png,"Tekstil Flair grey, matte kromben.",https://www.mobelringen.no/stream-3-seter-151763129,24999 NOK,151763129,BRUNSTAD AS,225,225.0,80,80.0,,,42,42.0,90,90.0,False
30,mobelringen,Embla pall,https://www.mobelringen.no/media/catalog/product/cache/bc1e159b67398ba35d189fa382110a17/3/2/322337001_8646303.png,Tekstil Diana lys granitt. Ben wenge.,https://www.mobelringen.no/embla-pall,4699 NOK,322337001,DOMINARI - NORTH LIVING,90,90.0,45,45.0,66,66.0,,,,,False
31,mobelringen,"Nordicline 3 + 2,5-seter",https://www.mobelringen.no/media/catalog/product/cache/bc1e159b67398ba35d189fa382110a17/2/4/249119001_1139411.png,"Tekstil West Stone, skrå black ben",https://www.mobelringen.no/nordicline-3-2-5-seter,28799 NOK,249119001,HJELLEGJERDE AS,203/165,,83,83.0,,,46,46.0,88,88.0,False
32,mobelringen,Melbourne hjørnesofa med divan,https://www.mobelringen.no/media/catalog/product/cache/bc1e159b67398ba35d189fa382110a17/2/9/299264008_8595600.png,"Oppsett E, venstre. Tekstil Eros Honey. Ben sort metall 13,5 cm.",https://www.mobelringen.no/melbourne-hjornesofa-med-divan,33799 NOK,299264008,SCAPA BALTIC UAB,407,407.0,87/92,,226/165,,,,103,103.0,False
33,mobelringen,Stressless® Emma E200 modulsofa,https://www.mobelringen.no/media/catalog/product/cache/bc1e159b67398ba35d189fa382110a17/3/0/302382001_3831806.jpg,"Oppsett C-23 m/LongSeat. Tekstil Jasmine light grey, ben stål, 11 cm.",https://www.mobelringen.no/stresslessr-emma-e200-modulsofa-302382001,58000 NOK,302382001,STRESSLESS,385,385.0,83,83.0,240,240.0,46,46.0,,,False
34,mobelringen,Stressless® Emily 2-seter med longseat,https://www.mobelringen.no/media/catalog/product/cache/bc1e159b67398ba35d189fa382110a17/3/0/307439005_8639888.png,"Hud Paloma chocolate, ben 40 aluminium. Med Stressless Power, motorisert komfortfunksjon (venstre, side).",https://www.mobelringen.no/stresslessr-emily-2-seter-med-longseat,66170 NOK,307439005,STRESSLESS,250,250.0,88,88.0,,,45,45.0,110,110.0,False
35,mobelringen,HØDNEBØ® Lillesand modulsofa,https://www.mobelringen.no/media/catalog/product/cache/bc1e159b67398ba35d189fa382110a17/3/0/307185001_8531076.png,"Oppsett A; arm-1,5s-1,5s-1,5s-arm. Tekstil Laguna velvet mole. Ben black rund, 6,5 cm.",https://www.mobelringen.no/hodnebor-lillesand-modulsofa,42999 NOK,307185001,HØDNEBØ,323,323.0,80,80.0,,,45,45.0,67,67.0,False
36,mobelringen,Passion modulsofa,https://www.mobelringen.no/media/catalog/product/cache/bc1e159b67398ba35d189fa382110a17/2/5/255790050_8586179.png,"Oppsett 21, arm 4. 35 kg kaldskum i sete. Tekstil: Nantes dark grey, eikeben (oak raw). Nakkestøtte er tillegg i pris.",https://www.mobelringen.no/passion-modulsofa-255790050,43899 NOK,255790050,TROELS MØBLER AS,308,308.0,85,85.0,271,271.0,47,47.0,88-148,,False
37,mobelringen,BEDinside sovesofa med sjeselong,https://www.mobelringen.no/media/catalog/product/cache/bc1e159b67398ba35d189fa382110a17/1/4/145477013_655977.png,"Oppsett 116H. I stoff Nobel, Lido trend crystal. Stålben. Bonellfjærer. Nakkepute er tillegg i pris. Liggemål: 116x200 cm.",https://www.mobelringen.no/bedinside-sovesofa-med-sjeselong,29791 NOK,145477013,HOVDEN MØBEL AS,233,233.0,85,85.0,173,173.0,46,46.0,96,96.0,True
38,mobelringen,Sandefjord modulsofa,https://www.mobelringen.no/media/catalog/product/cache/bc1e159b67398ba35d189fa382110a17/1/9/196856016_3883634.png,"Oppsett 3-seter, hjørne, 2,5-seter, duo. Arm J. Med pynteputer (42x42 cm). Tekstil Mine oker. Ben E, matt sort.",https://www.mobelringen.no/sandefjord-modulsofa-196856016,41899 NOK,196856016,STORDAL AS,264,264.0,84,84.0,236,236.0,46,46.0,85,85.0,False
39,mobelringen,Winfield 2-seter reclinersofa,https://www.mobelringen.no/media/catalog/product/cache/bc1e159b67398ba35d189fa382110a17/3/0/306409_3977872.png,"Mørk grå, elektrisk recliner-funksjon.",https://www.mobelringen.no/winfield-2-seter-reclinersofa,10999 NOK,306409,INTERSTIL AS,138,138.0,103,103.0,,,,,96,96.0,False
40,mobelringen,Embla pall,https://www.mobelringen.no/media/catalog/product/cache/bc1e159b67398ba35d189fa382110a17/3/2/322337003_8663039.png,Tekstil Rio sand. Ben wenge.,https://www.mobelringen.no/embla-pall-322337003,5499 NOK,322337003,DOMINARI - NORTH LIVING,90,90.0,45,45.0,66,66.0,,,,,False
41,mobelringen,Passion modulsofa,https://www.mobelringen.no/media/catalog/product/cache/bc1e159b67398ba35d189fa382110a17/2/5/255790023_3697109.jpg,"Oppsett 21, arm 4. Tekstil Unite grey. Krom ben.",https://www.mobelringen.no/passion-modulsofa-255790023,26339 NOK,255790023,TROELS MØBLER AS,308,308.0,85,85.0,271,271.0,47,47.0,88-148,,False
42,mobelringen,Kvitfjell modulsofa,https://www.mobelringen.no/media/catalog/product/cache/bc1e159b67398ba35d189fa382110a17/3/0/307390001_8602327.png,"Oppsett: Divan, pall, 3-seter, vinkel, 2,5-seter. Tekstil Castro muldvarp. Ben 20 matt sort. Soft ryggpute.",https://www.mobelringen.no/kvitfjell-modulsofa-307390001,50999 NOK,307390001,STORDAL AS,,,,,,,,,,,False
43,mobelringen,Passion modulsofa,https://www.mobelringen.no/media/catalog/product/cache/bc1e159b67398ba35d189fa382110a17/2/5/255790049_8585826.png,"Oppsett 21, arm 4. 35 kg kaldskum i sete. Tekstil: Nantes dark grey, eikeben. Nakkestøtte er tillegg i pris.",https://www.mobelringen.no/passion-modulsofa-255790049,43899 NOK,255790049,TROELS MØBLER AS,308,308.0,85,85.0,271,271.0,47,47.0,88-148,,False
44,mobelringen,BEDinside sovesofa,https://www.mobelringen.no/media/catalog/product/cache/bc1e159b67398ba35d189fa382110a17/1/1/110139040_655972.png,"2,5-seter. Nobel, Lido trend linen, bonellfjær. Utslått lengde: 212 cm. Liggemål: 140x200 cm.",https://www.mobelringen.no/bedinside-sovesofa-110139040,21999 NOK,110139040,HOVDEN MØBEL AS,164,164.0,,,,,,,96,96.0,True
45,mobelringen,Verona sovesofa,https://www.mobelringen.no/media/catalog/product/cache/bc1e159b67398ba35d189fa382110a17/3/2/329972001_8690313.png,"2,5 seter sjeselong høyre. Tekstil Amadeus light grey. Sorte ben. Bonellfjærer. Liggemål 140 x 198 cm.",https://www.mobelringen.no/verona-sovesofa-329972001,21399 NOK,329972001,HOVDEN MØBEL AS,,,,,,,,,,,True
46,mobelringen,HØDNEBØ® Hellesund pall,https://www.mobelringen.no/media/catalog/product/cache/bc1e159b67398ba35d189fa382110a17/2/9/292280001_3365282.png,Tekstil Laguna Velvet rust.,https://www.mobelringen.no/hodnebor-hellesund-pall,4699 NOK,292280001,HØDNEBØ,,,44,44.0,,,44,44.0,,,False
47,mobelringen,Easy modulsofa,https://www.mobelringen.no/media/catalog/product/cache/bc1e159b67398ba35d189fa382110a17/1/8/185695067_8624371.jpg,"Oppsett hjørne (H23/32-divan TD arm E). Tekstil Nordby nougat. Ben sort, 5 cm. Pris eks. nakkestøtte.",https://www.mobelringen.no/easy-modulsofa-185695067,15999 NOK,185695067,SCAPA BALTIC UAB,322,322.0,90,90.0,257,257.0,,,95/153,,False
48,mobelringen,Multibygg modulsofa,https://www.mobelringen.no/media/catalog/product/cache/bc1e159b67398ba35d189fa382110a17/2/3/236689002_1174315.png,"Oppsett 12 Arm 3. Stoff Vila ice blue, 10,5 cm stål ben.",https://www.mobelringen.no/multibygg-modulsofa-236689002,25999 NOK,236689002,HJORT KNUDSEN AS,251,251.0,80,80.0,230,230.0,47,47.0,90,90.0,False
49,mobelringen,Nora 3-seter,https://www.mobelringen.no/media/catalog/product/cache/bc1e159b67398ba35d189fa382110a17/2/8/283525009_2778921.png,"Lav. Tekstil Praque 2430 blue, u/funksjon, 16 cm hvitoljet eikeben.",https://www.mobelringen.no/nora-3-seter-283525009,5999 NOK,283525009,HJORT KNUDSEN AS,208,208.0,82,82.0,,,,,90,90.0,False
50,mobelringen,Passion modulsofa,https://www.mobelringen.no/media/catalog/product/cache/bc1e159b67398ba35d189fa382110a17/2/5/255790016_3614274.png,"Oppsett 21, arm 4. Tekstil Unite light grey. Krom ben.",https://www.mobelringen.no/passion-modulsofa-255790016,26339 NOK,255790016,TROELS MØBLER AS,308,308.0,85,85.0,271,271.0,47,47.0,88-148,,False
51,mobelringen,Fantasy modulsofa,https://www.mobelringen.no/media/catalog/product/cache/bc1e159b67398ba35d189fa382110a17/2/8/283473015_3936000.jpg,"Oppsett D, arm B. Tekstil Uni antrasitt. Soft ryggpute. Ben eik wenge-farge.",https://www.mobelringen.no/fantasy-modulsofa-283473015,30599 NOK,283473015,BRUNSTAD AS,240,240.0,80,80.0,191,191.0,44,44.0,89,89.0,False
52,mobelringen,Passion modulsofa,https://www.mobelringen.no/media/catalog/product/cache/bc1e159b67398ba35d189fa382110a17/2/5/255789003_3725840.jpg,"Oppsett 20, arm 8. 35 kg kaldskum i sete. Tekstil: Casual grey. Ben hvitoljet eik. Nakkestøtte er tillegg i pris.",https://www.mobelringen.no/passion-modulsofa-255789003,22999 NOK,255789003,TROELS MØBLER AS,288,288.0,85,85.0,223,223.0,47,47.0,88-148,,False
53,mobelringen,Gordon hjørnesofa,https://www.mobelringen.no/media/catalog/product/cache/bc1e159b67398ba35d189fa382110a17/3/2/322319001_8639326.png,"Oppsett 3-seter, hjørne, endeavslutning venstre. Eco skinn cognac (blanding av ekte skinn og polysester), ben wenge.",https://www.mobelringen.no/gordon-hjornesofa-322319001,23999 NOK,322319001,DOMINARI - NORTH LIVING,286,286.0,80,80.0,199,199.0,46,46.0,91,91.0,False
54,mobelringen,Gordon 3-seter,https://www.mobelringen.no/media/catalog/product/cache/bc1e159b67398ba35d189fa382110a17/3/2/322318002_8627635.png,"XL-puter. Eco skinn antrasitt (blanding av ekte skinn og polysester), ben wenge.",https://www.mobelringen.no/gordon-3-seter,13999 NOK,322318002,DOMINARI - NORTH LIVING,241,241.0,80,80.0,,,,,91,91.0,False
55,mobelringen,"System + 2,5-seter (modulsofa)",https://www.mobelringen.no/media/catalog/product/cache/bc1e159b67398ba35d189fa382110a17/2/3/234372006_1182586.png,"Modell Oda. Stoff Cabana sand. 13 cm eik hvitoljet ben, rund.",https://www.mobelringen.no/system-2-5-seter-modulsofa,19499 NOK,234372006,BRUNSTAD AS,165,165.0,86,86.0,,,45,45.0,79,79.0,False
56,mobelringen,Embla hjørnesofa,https://www.mobelringen.no/media/catalog/product/cache/bc1e159b67398ba35d189fa382110a17/3/2/322329001_8691796.png,"Oppsett: Endeavslutning V, hjørne, 3-seter XL. Tekstil Diana lys granitt. Ben wenge.",https://www.mobelringen.no/embla-hjornesofa-322329001,20999 NOK,322329001,DOMINARI - NORTH LIVING,314,314.0,78,78.0,214,214.0,,,94,94.0,False
57,mobelringen,HØDNEBØ® Hellesund modulsofa,https://www.mobelringen.no/media/catalog/product/cache/bc1e159b67398ba35d189fa382110a17/2/9/292268001_3365281.png,"Sofaoppsett A SC V. Tekstil Club white, ben pyramide sort.",https://www.mobelringen.no/hodnebor-hellesund-sofaoppsett-292268001,34899 NOK,292268001,HØDNEBØ,301,301.0,82,82.0,,,44,44.0,87/151,,False
58,mobelringen,Passion modulsofa,https://www.mobelringen.no/media/catalog/product/cache/bc1e159b67398ba35d189fa382110a17/2/5/255790020_3697108.png,"Oppsett 21, arm 4. Tekstil Unite turkis. Alu ben 10, justerbar.",https://www.mobelringen.no/passion-modulsofa-255790020,26339 NOK,255790020,TROELS MØBLER AS,308,308.0,85,85.0,271,271.0,47,47.0,88-148,,False
59,mobelringen,Kvitfjell modulsofa,https://www.mobelringen.no/media/catalog/product/cache/bc1e159b67398ba35d189fa382110a17/3/0/307388003_8626537.png,"Oppsett: 3-seter, vinkel, 2,5-seter, pp, ss. Tekstil Titanium lys grå. Ben 30 matt sort.",https://www.mobelringen.no/kvitfjell-modulsofa-307388003,44299 NOK,307388003,STORDAL AS,266,266.0,82,82.0,238,238.0,45,45.0,90,90.0,False
60,mobelringen,Easy modulsofa,https://www.mobelringen.no/media/catalog/product/cache/bc1e159b67398ba35d189fa382110a17/2/5/256501011_3525778.png,"Oppsett 1-seter, MS, 2,5-seter V TD arm A. Tekstil Danny blue. Sorte 8 cm ben.",https://www.mobelringen.no/easy-modulsofa-256501011,28199 NOK,256501011,SCAPA BALTIC UAB,327,327.0,90,90.0,232,232.0,,,95,95.0,False
61,mobelringen,Marie 3-seter m/divan,https://www.mobelringen.no/media/catalog/product/cache/bc1e159b67398ba35d189fa382110a17/2/8/288162001_3159753.png,Oppsett D høyre med duo puter. Luiza dusted green. Sorte aluminiumsben.,https://www.mobelringen.no/marie-3-seter-m-divan,22599 NOK,288162001,HJELLEGJERDE AS,268,268.0,80,80.0,154,154.0,45,45.0,88,88.0,False
62,mobelringen,Multibygg modulsofa,https://www.mobelringen.no/media/catalog/product/cache/bc1e159b67398ba35d189fa382110a17/2/7/274275001_2255598.jpg,"Oppsett 22 Arm 3. Tekstil Surprise 925 antracite. Ben 10,5 cm eik hvitoljet.",https://www.mobelringen.no/multibygg-modulsofa-274275001,16079 NOK,274275001,HJORT KNUDSEN AS,292,292.0,80,80.0,155,155.0,,,90,90.0,False
63,mobelringen,Nordicline modulsofa,https://www.mobelringen.no/media/catalog/product/cache/bc1e159b67398ba35d189fa382110a17/2/5/252105017_8606019.png,"Oppsett H15 med Big 90° hjørne. DUO-puter. Tekstil Concept light purple. Ben skrå eik grå, 20 cm.",https://www.mobelringen.no/nordicline-modulsofa-252105017,33299 NOK,252105017,HJELLEGJERDE AS,270,270.0,83,83.0,186,186.0,46,46.0,88,88.0,False
64,mobelringen,Stressless® Aurora 3-seter,https://www.mobelringen.no/media/catalog/product/cache/bc1e159b67398ba35d189fa382110a17/3/1/318498002_8638496.png,"Med Stressless® Power, motorisert komfortfunksjon, venstre. Høy rygg. Hud Paloma black. Ben stål, 11 cm. Ø4,2 cm.",https://www.mobelringen.no/stresslessr-aurora-3-seter-318498002,39544 NOK,318498002,STRESSLESS,,,,,,,,,,,False
65,mobelringen,Stressless® Emily 2-seter med longseat,https://www.mobelringen.no/media/catalog/product/cache/bc1e159b67398ba35d189fa382110a17/3/0/307439004_8653405.png,"Hud Paloma new cognac, ben 40 aluminium. Med Stressless Power, motorisert komfortfunksjon (venstre, side).",https://www.mobelringen.no/stresslessr-emily-2-seter-med-longseat-307439004,66170 NOK,307439004,STRESSLESS,250,250.0,88,88.0,,,45,45.0,110,110.0,False
66,mobelringen,Gordon hjørnesofa,https://www.mobelringen.no/media/catalog/product/cache/bc1e159b67398ba35d189fa382110a17/3/2/322320001_8627640.png,"Oppsett 3-seter, hjørne, endeavslutning høyre. Eco skinn cognac (blanding av ekte skinn og polysester), ben wenge.",https://www.mobelringen.no/gordon-hjornesofa,23999 NOK,322320001,DOMINARI - NORTH LIVING,199,199.0,80,80.0,289,289.0,46,46.0,91,91.0,False
67,mobelringen,HØDNEBØ® Hvaler modulsofa,https://www.mobelringen.no/media/catalog/product/cache/bc1e159b67398ba35d189fa382110a17/3/0/306532001_8622928.png,"Oppsett A: Arm 11, 3,5-seter, hjørne, 2,5-seter, arm 11. Tekstil Bardal 380. Bøyle sort stål.",https://www.mobelringen.no/hodnebor-hvaler-modulsofa,61099 NOK,306532001,HØDNEBØ,305,305.0,83,83.0,240,240.0,46,46.0,86,86.0,False
68,mobelringen,Nordicline modulsofa,https://www.mobelringen.no/media/catalog/product/cache/bc1e159b67398ba35d189fa382110a17/2/5/252105011_8605863.png,"Oppsett H15 med Big 90°-hjørne. DUO-puter. Tekstil Consept Dust blue. Skrå grå eik, 20 cm.",https://www.mobelringen.no/nordicline-modulsofa-252105011,33899 NOK,252105011,HJELLEGJERDE AS,270,270.0,83,83.0,186,186.0,46,46.0,88,88.0,False
69,mobelringen,Anne modulsofa,https://www.mobelringen.no/media/catalog/product/cache/bc1e159b67398ba35d189fa382110a17/2/7/275130016_8606880.png,"Oppsett: Arm 3, 2,5-seter, 90-hjørne, endemodul høyre, arm 3. Tekstil Lisa coal, vinkelbein sort. Soft rekt. ryggpute /soft setepute.",https://www.mobelringen.no/anne-modulsofa,30499 NOK,275130016,HJELLEGJERDE AS,270,270.0,86,86.0,202,202.0,47,47.0,85,85.0,False
70,mobelringen,Verona sovesofa,https://www.mobelringen.no/media/catalog/product/cache/bc1e159b67398ba35d189fa382110a17/2/9/295040016_8690304.png,"2,5 seter. Tekstil Amadeus light grey. Sorte ben. Liggemål 140 x 198 cm.",https://www.mobelringen.no/verona-sovesofa-295040016,14999 NOK,295040016,HOVDEN MØBEL AS,180,180.0,86,86.0,,,,,95,95.0,True
71,mobelringen,BEDinside sovesofa,https://www.mobelringen.no/media/catalog/product/cache/bc1e159b67398ba35d189fa382110a17/1/1/110139030_118257.png,"2,5-seter. Continental (First) vange. Stoff Platina beige. Bonellfjær. STD ben. Utslått lengde: 212 cm. Liggemål: 140x200 cm.",https://www.mobelringen.no/bedinside-sovesofa,21999 NOK,110139030,HOVDEN MØBEL AS,164,164.0,85,85.0,,,46,46.0,96,96.0,True
72,mobelringen,Sandefjord 3-seter,https://www.mobelringen.no/media/catalog/product/cache/bc1e159b67398ba35d189fa382110a17/1/9/196843011_3883651.png,Duo puter. Arm J. Tekstil Mine rust. Ben Q matt sort.,https://www.mobelringen.no/sandefjord-3-seter-196843011,21099 NOK,196843011,STORDAL AS,184,184.0,84,84.0,,,46,46.0,85,85.0,False
73,mobelringen,Neptun 3-seter,https://www.mobelringen.no/media/catalog/product/cache/bc1e159b67398ba35d189fa382110a17/1/8/188882001_122909.png,"Hud/pvc, sorte ben.",https://www.mobelringen.no/neptun-3-seter,7999 NOK,188882001,SCAPA BALTIC UAB,202,202.0,93,93.0,,,,,98,98.0,False
74,mobelringen,Nora modulsofa,https://www.mobelringen.no/media/catalog/product/cache/bc1e159b67398ba35d189fa382110a17/2/9/293655004_3439000.png,Oppsett 1V A3. Tekstil Ocean mole. Ben 16 cm oak smoked black.,https://www.mobelringen.no/nora-modulsofa-293655004,19199 NOK,293655004,HJORT KNUDSEN AS,324,324.0,82,82.0,255,255.0,47,47.0,90/210,,False
75,mobelringen,Happy Lux 4-seter,https://www.mobelringen.no/media/catalog/product/cache/bc1e159b67398ba35d189fa382110a17/2/8/286677013_8678586.png,Tekstil Siena natur. Ben sort eik. Faste ryggputer.,https://www.mobelringen.no/happy-lux-4-seter-286677013,18719 NOK,286677013,TROELS MØBLER AS,264,264.0,90,90.0,,,43,43.0,102,102.0,False
76,mobelringen,Annabel 3-seter,https://www.mobelringen.no/media/catalog/product/cache/bc1e159b67398ba35d189fa382110a17/3/0/302663008_3971741.png,Tekstil Adore dark green. Antikk nagler. Ben sort eik med gullhjul.,https://www.mobelringen.no/annabel-3-seter-302663008,18699 NOK,302663008,TROELS MØBLER AS,235,235.0,82,82.0,,,44,44.0,103,103.0,False
77,mobelringen,System + 2-seter (modulsofa),https://www.mobelringen.no/media/catalog/product/cache/bc1e159b67398ba35d189fa382110a17/1/0/100961030_1182590.png,"Modell Ami. Stoff Cabana sand, 5 cm eik oljet ben.",https://www.mobelringen.no/system-2-seter-modulsofa,16999 NOK,100961030,BRUNSTAD AS,144,144.0,86,86.0,,,45,45.0,79,79.0,False
78,mobelringen,System + 3-seter (modulsofa),https://www.mobelringen.no/media/catalog/product/cache/bc1e159b67398ba35d189fa382110a17/2/3/232795006_1182587.png,"Modell Oda. Stoff Cabana sand. 13 cm eik hvitoljet ben, rund.",https://www.mobelringen.no/system-3-seter-modulsofa-232795006,21499 NOK,232795006,BRUNSTAD AS,195,195.0,86,86.0,,,45,45.0,79,79.0,False
79,mobelringen,Kvitfjell modulsofa,https://www.mobelringen.no/media/catalog/product/cache/bc1e159b67398ba35d189fa382110a17/3/0/307388001_8531019.png,"Oppsett: 3-seter, vinkel, 2,5-seter. Tekstil Castro muldvarp. Ben 20 matt sort. Soft ryggpute.",https://www.mobelringen.no/kvitfjell-modulsofa,34999 NOK,307388001,STORDAL AS,266,266.0,82,82.0,238,238.0,45,45.0,90,90.0,False
80,mobelringen,Balder 3-seter,https://www.mobelringen.no/media/catalog/product/cache/bc1e159b67398ba35d189fa382110a17/2/9/295850_3854402.jpg,"FAST LAVPRIS. Tekstil Inari lys grå. Runde ben, mørke brun. Pris eks. pall/tilbehør.",https://www.mobelringen.no/balder-3-seter,4999 NOK,295850,DOMINARI,212,212.0,82,82.0,,,45,45.0,86,86.0,False
81,mobelringen,Easy modulsofa,https://www.mobelringen.no/media/catalog/product/cache/bc1e159b67398ba35d189fa382110a17/3/1/319347003_8605565.png,"Oppsett hjørne: LH23/32, standardputer (TD) arm E. Tekstil Nordby grey. Ben hvitoljet, 5 cm. Pris eks. nakkestøtte/midtarmlene.",https://www.mobelringen.no/easy-modulsofa-319347003,11999 NOK,319347003,SCAPA BALTIC UAB,302,302.0,90,90.0,237,237.0,,,95,95.0,False
82,mobelringen,Balder 2-seter,https://www.mobelringen.no/media/catalog/product/cache/bc1e159b67398ba35d189fa382110a17/2/9/292201_3486356.png,"FAST LAVPRIS. Tekstil Inari grafitt. Runde ben, mørke brun.",https://www.mobelringen.no/balder-2-seter,3999 NOK,292201,DOMINARI,162,162.0,82,82.0,,,45,45.0,86,86.0,False
83,mobelringen,Balder 3-seter med divan,https://www.mobelringen.no/media/catalog/product/cache/bc1e159b67398ba35d189fa382110a17/2/9/295846_3722015.jpg,"FAST LAVPRIS. Tekstil Inari lys grå. Runde ben, mørke brun.",https://www.mobelringen.no/balder-3-seter-med-divan,7999 NOK,295846,DOMINARI,242,242.0,82,82.0,144,144.0,45,45.0,86,86.0,False
84,mobelringen,Stressless® Aurora 3-seter,https://www.mobelringen.no/media/catalog/product/cache/bc1e159b67398ba35d189fa382110a17/2/9/290301005_3916437.png,"Lav rygg. Hud Paloma Shadow Blue. Ben sort bøk, 11 cm.",https://www.mobelringen.no/stresslessr-aurora-3-seter,26999 NOK,290301005,STRESSLESS,228,228.0,89,89.0,,,47,47.0,81,81.0,False
85,mobelringen,Mantovani modulsofa,https://www.mobelringen.no/media/catalog/product/cache/bc1e159b67398ba35d189fa382110a17/3/1/318859001_8606035.png,"Oppsett AM arm 1. Tekstil Panama light grey. Foam/foam. Ben sort eik, 12 cm.",https://www.mobelringen.no/mantovani-modulsofa-318859001,39399 NOK,318859001,HJELLEGJERDE AS,286,286.0,81,81.0,202,202.0,47,47.0,86,86.0,False
86,mobelringen,Mantovani modulsofa,https://www.mobelringen.no/media/catalog/product/cache/bc1e159b67398ba35d189fa382110a17/3/1/318860001_8603688.png,"Oppsett FV arm 11. Tekstil Lisa Forest. Soft/soft. Ben hvitvasket eik, firkantet.",https://www.mobelringen.no/mantovani-modulsofa-318860001,36899 NOK,318860001,HJELLEGJERDE AS,271,271.0,81,81.0,224,224.0,45,45.0,86,86.0,False
87,mobelringen,Passion modulsofa,https://www.mobelringen.no/media/catalog/product/cache/bc1e159b67398ba35d189fa382110a17/2/3/236544008_3713410.png,"Oppsett 15, arm 2. Tekstil Riviera Yellow. Ben eik sort. 35 kg kaldskum. Nakkestøtte er tillegg i pris.",https://www.mobelringen.no/passion-modulsofa-236544008,35099 NOK,236544008,TROELS MØBLER AS,273,273.0,85,85.0,245,245.0,47,47.0,88,88.0,False
88,mobelringen,System + modulsofa,https://www.mobelringen.no/media/catalog/product/cache/bc1e159b67398ba35d189fa382110a17/2/2/229611008_3995703.png,"Oppsett Oda F 53 vinkel venstre. Tekstil Mode silver. Ben gråoljet eik, 13 cm, firkantet.",https://www.mobelringen.no/system-modulsofa-229611008,44399 NOK,229611008,BRUNSTAD AS,245,245.0,86,86.0,245,245.0,45,45.0,79,79.0,False
89,mobelringen,Neptun 2-seter,https://www.mobelringen.no/media/catalog/product/cache/bc1e159b67398ba35d189fa382110a17/1/8/188883001_122910.png,"Hud/pvc, sorte ben.",https://www.mobelringen.no/neptun-2-seter,6599 NOK,188883001,SCAPA BALTIC UAB,151,151.0,93,93.0,,,,,98,98.0,False
90,mobelringen,Easy modulsofa,https://www.mobelringen.no/media/catalog/product/cache/bc1e159b67398ba35d189fa382110a17/1/8/185695038_2627699.png,"Oppsett hjørne m/divan (H23/32-divan). Arm E, standard ryggputer (TD). Tekstil Bari nougat. Sorte ben. Pris eks. nakkepute.",https://www.mobelringen.no/easy-modulsofa-185695038,18399 NOK,185695038,SCAPA BALTIC UAB,322,322.0,90,90.0,257,257.0,,,95/147,,False
91,mobelringen,"Anne 2,5-seter",https://www.mobelringen.no/media/catalog/product/cache/bc1e159b67398ba35d189fa382110a17/2/7/275131006_8606023.png,"Oppsett 2,5-seter med armtype 2. Tekstil Savannah anthracite. Ben firkantet eik hvitvasket. Rektangulære ryggputer, fast og fast seteputer.",https://www.mobelringen.no/anne-2-5-seter-275131006,8939 NOK,275131006,HJELLEGJERDE AS,191,191.0,86,86.0,,,47,47.0,85,85.0,False
92,mobelringen,Sky sovesofa,https://www.mobelringen.no/media/catalog/product/cache/bc1e159b67398ba35d189fa382110a17/3/0/307024001_8550544.jpg,Tekstil Prince salt/pepper. Liggemål 150x200 cm.,https://www.mobelringen.no/sky-sovesofa,10999 NOK,307024001,DOMINARI - NORTH LIVING,233,233.0,94,94.0,,,45,45.0,100,100.0,True
93,mobelringen,Passion modulsofa,https://www.mobelringen.no/media/catalog/product/cache/bc1e159b67398ba35d189fa382110a17/2/4/246110014_2502612.png,"Oppsett 26, armlene 2. Tekstil: Casual light blue, ben hvitoljet. Nakkestøtte er tillegg i pris.",https://www.mobelringen.no/passion-modulsofa-246110014,17999 NOK,246110014,TROELS MØBLER AS,273,273.0,85,85.0,197,197.0,47,47.0,88,88.0,False
94,mobelringen,Passion modulsofa,https://www.mobelringen.no/media/catalog/product/cache/bc1e159b67398ba35d189fa382110a17/2/3/236544013_3714998.png,"Oppsett 15, arm 2. Tekstil Riviera blue. Ben eik sort. 35 kg kaldskum. Nakkestøtte er tillegg i pris.",https://www.mobelringen.no/passion-modulsofa-236544013,35099 NOK,236544013,TROELS MØBLER AS,273,273.0,85,85.0,245,245.0,47,47.0,88,88.0,False
95,mobelringen,"Stream 2,5-seter",https://www.mobelringen.no/media/catalog/product/cache/bc1e159b67398ba35d189fa382110a17/1/5/151767022_3087544.png,Tekstil Mosso silver. Ben matt krom.,https://www.mobelringen.no/stream-2-5-seter,30199 NOK,151767022,BRUNSTAD AS,195,195.0,80,80.0,,,42,42.0,90,90.0,False
96,mobelringen,Marie 5-seter,https://www.mobelringen.no/media/catalog/product/cache/bc1e159b67398ba35d189fa382110a17/3/1/315821001_8606016.png,"Tekstil Lisa coal, ben 20 cm børstet stål.",https://www.mobelringen.no/maria-5-seter,14999 NOK,315821001,HJELLEGJERDE AS,281,281.0,80,80.0,,,45,45.0,88,88.0,False
97,mobelringen,Sandefjord 3-seter,https://www.mobelringen.no/media/catalog/product/cache/bc1e159b67398ba35d189fa382110a17/1/9/196843023_8624929.png,"Duo-puter, arm B, pp 44 ss. Tekstil Page grønn. Ben V, sort.",https://www.mobelringen.no/sandefjord-3-seter-196843023,16999 NOK,196843023,STORDAL AS,184,184.0,84,84.0,,,46,46.0,85,85.0,False
98,mobelringen,System + modulsofa,https://www.mobelringen.no/media/catalog/product/cache/bc1e159b67398ba35d189fa382110a17/1/1/112633015_3523763.png,"Oppsett Malin F 53 vinkel høyre. Tekstil Mode violet. Ben hvitoljet eik, 13 cm, rund.",https://www.mobelringen.no/system-modulsofa-112633015,38799 NOK,112633015,BRUNSTAD AS,232,232.0,86,86.0,215,215.0,45,45.0,79,79.0,False
99,mobelringen,Stream 3-seter,https://www.mobelringen.no/media/catalog/product/cache/bc1e159b67398ba35d189fa382110a17/1/5/151763118_3995701.png,"Tekstil Flair Ocher, sortlakkerte stålben.",https://www.mobelringen.no/stream-3-seter-151763118,24999 NOK,151763118,BRUNSTAD AS,225,225.0,80,80.0,,,42,42.0,90,90.0,False
100,mobelringen,Passion modulsofa,https://www.mobelringen.no/media/catalog/product/cache/bc1e159b67398ba35d189fa382110a17/2/3/236544010_3714992.png,"Oppsett 15, arm 2. Tekstil Riviera Petrol. Ben eik sort. 35 kg kaldskum. Nakkestøtte er tillegg i pris.",https://www.mobelringen.no/passion-modulsofa-236544010,35099 NOK,236544010,TROELS MØBLER AS,273,273.0,85,85.0,245,245.0,47,47.0,88,88.0,False
101,mobelringen,Kos 3-seter,https://www.mobelringen.no/media/catalog/product/cache/bc1e159b67398ba35d189fa382110a17/3/0/305105001_8554040.png,XL. Tekstil beige. Ben krom.,https://www.mobelringen.no/kos-3-seter,13999 NOK,305105001,SCAPA BALTIC UAB,248,248.0,84,84.0,,,45,45.0,100,100.0,False
102,mobelringen,Balder hjørnesofa,https://www.mobelringen.no/media/catalog/product/cache/bc1e159b67398ba35d189fa382110a17/2/9/292189_3630930.png,"FAST LAVPRIS. Oppsett 3-seter, hjørne og endeavslutning høyre. Tekstil Inari grafitt. Runde ben, mørke brun.",https://www.mobelringen.no/balder-hjornesofa,9999 NOK,292189,DOMINARI,280,280.0,82,82.0,202,202.0,45,45.0,86,86.0,False
103,mobelringen,"Marie 3,5-seter",https://www.mobelringen.no/media/catalog/product/cache/bc1e159b67398ba35d189fa382110a17/2/8/289021005_8607367.png,"Oppsett 3,5-seter m/vanger, DUO-puter. Tekstil Rome Forest. Ben sort stål, 20 cm.",https://www.mobelringen.no/marie-3-5-seter,12179 NOK,289021005,HJELLEGJERDE AS,222,222.0,80,80.0,,,45,45.0,88,88.0,False
104,mobelringen,"Anne 2,5-seter",https://www.mobelringen.no/media/catalog/product/cache/bc1e159b67398ba35d189fa382110a17/2/7/275131007_8607368.png,"Oppsett 2,5-seter med armtype 1. Tekstil Ruby blue. Ben firkantet eik natur. Rektangulære ryggputer, soft og soft seteputer.",https://www.mobelringen.no/anne-2-5-seter,8939 NOK,275131007,HJELLEGJERDE AS,211,211.0,86,86.0,,,47,47.0,85,85.0,False
105,mobelringen,Stream 3-seter,https://www.mobelringen.no/media/catalog/product/cache/bc1e159b67398ba35d189fa382110a17/1/5/151763075_501830.png,Stoff Fenice Jade. Ben matt chrome.,https://www.mobelringen.no/stream-3-seter,33299 NOK,151763075,BRUNSTAD AS,225,225.0,80,80.0,,,42,42.0,90,90.0,False
106,mobelringen,HØDNEBØ® Lillesand modulsofa,https://www.mobelringen.no/media/catalog/product/cache/bc1e159b67398ba35d189fa382110a17/3/0/307186001_8567612.png,"Oppsett B; arm-1,5s-1,5s-arm. Tekstil Laguna velvet mole. Ben black rund, 6,5 cm.",https://www.mobelringen.no/hodnebor-lillesand-modulsofa-307186001,29399 NOK,307186001,HØDNEBØ,222,222.0,80,80.0,,,45,45.0,67,67.0,False
107,mobelringen,Nordicline 1-seter stol,https://www.mobelringen.no/media/catalog/product/cache/bc1e159b67398ba35d189fa382110a17/2/5/253215007_8605861.png,"Tekstil Dana light grey. Ben skrå, sort eik, 20 cm. Arm 15.",https://www.mobelringen.no/nordicline-1-seter-stol-253215007,10999 NOK,253215007,HJELLEGJERDE AS,86,86.0,83,83.0,,,46,46.0,88,88.0,False
108,mobelringen,Happy hjørnesofa,https://www.mobelringen.no/media/catalog/product/cache/bc1e159b67398ba35d189fa382110a17/2/7/270169008_3805199.png,"Oppsett: 2-seter, hjørne, 2-seter. Tekstil Shadow light grey. Ben hvitoljet eik. Løse konvoluttputer (A1).",https://www.mobelringen.no/happy-hjornesofa-270169008,35599 NOK,270169008,TROELS MØBLER AS,269,269.0,89,89.0,269,269.0,47,47.0,102,102.0,False
109,mobelringen,"HØDNEBØ® Hvaler 1,5-seter",https://www.mobelringen.no/media/catalog/product/cache/bc1e159b67398ba35d189fa382110a17/2/9/292260001_3365288.png,"Hud Astro Line Black, stålbøyle sort.",https://www.mobelringen.no/hodnebor-hvaler-1-5-seter,22899 NOK,292260001,HØDNEBØ,111,111.0,83,83.0,,,46,46.0,86,86.0,False
110,mobelringen,"Nordicline 3,5-seter",https://www.mobelringen.no/media/catalog/product/cache/bc1e159b67398ba35d189fa382110a17/2/5/252017006_8541232.png,"Tekstil Dana light grey. Ben skrå sort eik, 20 cm. DUO-puter.",https://www.mobelringen.no/nordicline-3-5-seter,20099 NOK,252017006,HJELLEGJERDE AS,216,216.0,83,83.0,,,46,46.0,88,88.0,False
111,mobelringen,HØDNEBØ® Tromøya 1-seter,https://www.mobelringen.no/media/catalog/product/cache/bc1e159b67398ba35d189fa382110a17/2/9/292258001_3365322.png,"Tekstil Laguna Velvet Coal, ben list krom 12 cm.",https://www.mobelringen.no/hodnebor-tromoya-1-seter,12799 NOK,292258001,HØDNEBØ,83,83.0,77,77.0,,,46,46.0,87,87.0,False
112,mobelringen,Verona sovesofa,https://www.mobelringen.no/media/catalog/product/cache/bc1e159b67398ba35d189fa382110a17/2/9/295040014_8681720.png,"2,5 seter. Tekstil Amadeus petrol. Sorte ben. Liggemål 140 x 198 cm.",https://www.mobelringen.no/verona-sovesofa-295040014,14999 NOK,295040014,HOVDEN MØBEL AS,180,180.0,86,86.0,,,,,95,95.0,True
113,mobelringen,Isak hjørnesofa,https://www.mobelringen.no/media/catalog/product/cache/bc1e159b67398ba35d189fa382110a17/3/2/322344001_8678037.png,"Oppsett: 3-seter duo, hjørne, endeavslutning høyre. Arm 2. Tekstil Square blå, wengefarget ben.",https://www.mobelringen.no/isak-hjornesofa-322344001,14719 NOK,322344001,DOMINARI - NORTH LIVING,279,279.0,80,80.0,206,206.0,,,89,89.0,False
114,mobelringen,Passion modulsofa,https://www.mobelringen.no/media/catalog/product/cache/bc1e159b67398ba35d189fa382110a17/2/5/255790015_3697105.png,"Oppsett 21, arm 4. Tekstil Unite blue. Alu ben 10, justerbar.",https://www.mobelringen.no/passion-modulsofa-255790015,24659 NOK,255790015,TROELS MØBLER AS,308,308.0,85,85.0,271,271.0,47,47.0,88-148,,False
115,mobelringen,Mantovani 1-seter,https://www.mobelringen.no/media/catalog/product/cache/bc1e159b67398ba35d189fa382110a17/2/5/251981009_3967318.png,"Arm 10, tekstil Panama Gold. Soft rygg- og setepute. Ben eik sort, 12 cm.",https://www.mobelringen.no/mantovani-1-seter,10799 NOK,251981009,HJELLEGJERDE AS,96,96.0,81,81.0,,,45,45.0,86,86.0,False
116,mobelringen,Balder hjørnesofa,https://www.mobelringen.no/media/catalog/product/cache/bc1e159b67398ba35d189fa382110a17/2/9/295848_3854436.jpg,"FAST LAVPRIS. Oppsett 3-seter, hjørne og endeavslutning høyre. Tekstil Inari lys grå. Runde ben, mørke brun.",https://www.mobelringen.no/balder-hjornesofa-295848,9999 NOK,295848,DOMINARI,280,280.0,82,82.0,202,202.0,45,45.0,86,86.0,False
117,mobelringen,Sandefjord modulsofa,https://www.mobelringen.no/media/catalog/product/cache/bc1e159b67398ba35d189fa382110a17/1/9/196852004_1161808.png,"Oppsett 2,5-v-2 arm A. Milano ensfarget betong. Eikefarget ben.",https://www.mobelringen.no/sandefjord-modulsofa,38299 NOK,196852004,STORDAL AS,236,236.0,84,84.0,209,209.0,46,46.0,85,85.0,False
118,mobelringen,Isak hjørnesofa,https://www.mobelringen.no/media/catalog/product/cache/bc1e159b67398ba35d189fa382110a17/3/2/322348001_8651763.png,"Oppsett divan, 2-seter, hjørne, 2-seter. Arm 1. Tekstil Philip grey. Ben hvitoljet eik.",https://www.mobelringen.no/isak-hjornesofa,15999 NOK,322348001,DOMINARI - NORTH LIVING,294,294.0,80,80.0,229,229.0,,,89,89.0,False
119,mobelringen,Sofia sovesofa,https://www.mobelringen.no/media/catalog/product/cache/bc1e159b67398ba35d189fa382110a17/1/8/185806009_943504.png,"2,5-seter. Stoff Emma light grey. Madrassmål 133x198 cm. Utslått lengde 238 cm.",https://www.mobelringen.no/sofia-sovesofa-185806009,11999 NOK,185806009,HOVDEN MØBEL AS,182,182.0,72,72.0,238,238.0,,,95,95.0,True
120,mobelringen,Balder hjørnesofa,https://www.mobelringen.no/media/catalog/product/cache/bc1e159b67398ba35d189fa382110a17/2/9/292205_3486358.png,"FAST LAVPRIS. Oppsett 3-s, hjørne og 2-s (vendbar). Tekstil Inari grafitt. Runde ben, mørke brun. Pris eks. nakkestøtte/tilbehør.",https://www.mobelringen.no/balder-hjornesofa-292205,10999 NOK,292205,DOMINARI,281,281.0,82,82.0,231,231.0,45,45.0,86,86.0,False
121,mobelringen,Isak hjørnesofa,https://www.mobelringen.no/media/catalog/product/cache/bc1e159b67398ba35d189fa382110a17/3/2/322343001_8679934.png,"Oppsett: 3-seter duo - hjørne - endeavslutning venstre. Arm 2. Tekstil Square blå, wengefarget ben.",https://www.mobelringen.no/isak-hjornesofa-322343001,14719 NOK,322343001,DOMINARI - NORTH LIVING,279,279.0,80,80.0,206,206.0,,,89,89.0,False
122,mobelringen,Stressless® Emma E200 modulsofa,https://www.mobelringen.no/media/catalog/product/cache/bc1e159b67398ba35d189fa382110a17/3/0/302377002_8613585.jpg,"Oppsett C-22, soft. Tekstil Karma aqua, stålben, 11 cm.",https://www.mobelringen.no/stresslessr-emma-e200-modulsofa-302377002,40780 NOK,302377002,STRESSLESS,247,247.0,83,83.0,247,247.0,46,46.0,96,96.0,False
123,mobelringen,Stressless® Aurora 3-seter,https://www.mobelringen.no/media/catalog/product/cache/bc1e159b67398ba35d189fa382110a17/2/9/290301004_3916445.png,"Lav rygg. Hud Paloma copper. Stålben, 11 cm.",https://www.mobelringen.no/stresslessr-aurora-3-seter-290301004,26999 NOK,290301004,STRESSLESS,228,228.0,89,89.0,,,47,47.0,81,81.0,False
124,mobelringen,Easy modulsofa,https://www.mobelringen.no/media/catalog/product/cache/bc1e159b67398ba35d189fa382110a17/2/5/256507002_2669868.png,"Oppsett 2,5-seter, MS TD arm A. Tekstil Bari black&white, sorte ben.",https://www.mobelringen.no/easy-modulsofa-256507002,14199 NOK,256507002,SCAPA BALTIC UAB,327,327.0,90,90.0,162,162.0,,,95,95.0,False
125,mobelringen,Happy 4-seter,https://www.mobelringen.no/media/catalog/product/cache/bc1e159b67398ba35d189fa382110a17/2/4/248769013_3676418.png,Tekstil eros grey. Med antikk nagler. Ben eik valnøtt.,https://www.mobelringen.no/happy-4-seter,20499 NOK,248769013,TROELS MØBLER AS,264,264.0,89,89.0,,,47,47.0,102,102.0,False
126,mobelringen,Multibygg modulsofa,https://www.mobelringen.no/media/catalog/product/cache/bc1e159b67398ba35d189fa382110a17/2/7/274275002_2619952.png,"Oppsett 22 Arm 3. Tekstil Sutton 550 black. Ben 10,5 cm eik hvitoljet.",https://www.mobelringen.no/multibygg-modulsofa-274275002,16079 NOK,274275002,HJORT KNUDSEN AS,292,292.0,80,80.0,155,155.0,,,90,90.0,False
127,mobelringen,Multibygg modulsofa,https://www.mobelringen.no/media/catalog/product/cache/bc1e159b67398ba35d189fa382110a17/2/4/246416001_480026.png,"Oppsett 20 Arm 3. Tekstil Vila light grey, 10,5 cm sortbeiset bøk ben. Med elektrisk recliner. Nakkestøtte kommer i tillegg i pris.",https://www.mobelringen.no/multibygg-modulsofa,27999 NOK,246416001,HJORT KNUDSEN AS,347,347.0,80,80.0,277,277.0,47,47.0,90,90.0,False
128,mobelringen,Marie modulsofa,https://www.mobelringen.no/media/catalog/product/cache/bc1e159b67398ba35d189fa382110a17/2/8/289009005_3977038.png,"Oppsett 2,5-seter, hjørne, 3-seter duo. Tekstil Lisa bronze. Ben rett sort eik, 20 cm.",https://www.mobelringen.no/marie-modulsofa-289009005,21999 NOK,289009005,HJELLEGJERDE AS,273,273.0,80,80.0,235,235.0,45,45.0,88,88.0,False
129,mobelringen,Charlotte divan / 3-seter,https://www.mobelringen.no/media/catalog/product/cache/bc1e159b67398ba35d189fa382110a17/2/8/288917001_3306322.png,"Divan høyre. Tekstil fløyel matt gold. Ben rundt tre, sort 16 cm.",https://www.mobelringen.no/charlotte-divan-3-seter,17499 NOK,288917001,HJELLEGJERDE AS,208,208.0,76,76.0,,,42,42.0,88,88.0,False
130,mobelringen,System + sofagruppe 3 + 2 seter,https://www.mobelringen.no/media/catalog/product/cache/bc1e159b67398ba35d189fa382110a17/1/1/115683025_3423144.png,Modell Malin. Tekstil Cabana sand. Ben eik hvitoljet 13 cm firkantet.,https://www.mobelringen.no/system-sofagruppe-3-2-seter-115683025,38499 NOK,115683025,BRUNSTAD AS,203/148,,86,86.0,,,45,45.0,79,79.0,False
131,mobelringen,Stressless® Emma E200 modulsofa,https://www.mobelringen.no/media/catalog/product/cache/bc1e159b67398ba35d189fa382110a17/3/0/302377005_8677482.png,"Oppsett C-22, soft. Hud Batick black, stålben, 11 cm. Pris eks. nakkestøtte.",https://www.mobelringen.no/stresslessr-emma-e200-modulsofa-302377005,49780 NOK,302377005,STRESSLESS,247,247.0,83,83.0,247,247.0,46,46.0,96,96.0,False
132,mobelringen,Easy modulsofa,https://www.mobelringen.no/media/catalog/product/cache/bc1e159b67398ba35d189fa382110a17/2/1/216858018_1171720.png,"Oppsett hjørne (2,5-H-1,5 TD arm D). Tekstil Troy lys grå 6858, ben sort 8 cm.",https://www.mobelringen.no/easy-modulsofa,16399 NOK,216858018,SCAPA BALTIC UAB,295,295.0,90,90.0,213,213.0,,,95,95.0,False
133,mobelringen,Happy 3-seter,https://www.mobelringen.no/media/catalog/product/cache/bc1e159b67398ba35d189fa382110a17/2/4/248768002_1382995.png,"XL. Tekstil Ranch desert dark grey, eik sortbeiset ben. Konvoluttputer.",https://www.mobelringen.no/happy-3-seter,19499 NOK,248768002,TROELS MØBLER AS,250,250.0,89,89.0,,,47,47.0,102,102.0,False
134,mobelringen,Mantovani modulsofa,https://www.mobelringen.no/media/catalog/product/cache/bc1e159b67398ba35d189fa382110a17/2/5/251995002_8637155.png,Oppsett C A11 SCS. Tekstil Savanah light grey. Foam/foam. Runde stålben.,https://www.mobelringen.no/mantovani-modulsofa-251995002,14699 NOK,251995002,HJELLEGJERDE AS,219,219.0,81,81.0,151,151.0,45,45.0,86,86.0,False
135,mobelringen,Polo sovesofa,https://www.mobelringen.no/media/catalog/product/cache/bc1e159b67398ba35d189fa382110a17/2/5/256518_1175558.png,"Tekstil Troy ljusgrå, sengemål 165x200.",https://www.mobelringen.no/polo-sovesofa,9399 NOK,256518,SCAPA BALTIC UAB,205,205.0,90,90.0,165,165.0,,,86,86.0,True
136,mobelringen,Sandefjord 3-seter,https://www.mobelringen.no/media/catalog/product/cache/bc1e159b67398ba35d189fa382110a17/1/9/196843005_3361229.png,"Med duo-puter, arm G. Tekstil Loen ensfarget rust. Ben Q hvitoljet.",https://www.mobelringen.no/sandefjord-3-seter,20239 NOK,196843005,STORDAL AS,184,184.0,84,84.0,,,46,46.0,85,85.0,False
137,mobelringen,Balder hjørnesofa,https://www.mobelringen.no/media/catalog/product/cache/bc1e159b67398ba35d189fa382110a17/2/9/292206_8606841.jpg,"FAST LAVPRIS. Oppsett 3-seter, hjørne og 2-seter (vendbar). Tekstil Inari antrasitt. Runde ben, mørke brun. Pris eks. tilbehør.",https://www.mobelringen.no/balder-hjornesofa-292206,10999 NOK,292206,DOMINARI,281,281.0,82,82.0,231,231.0,45,45.0,86,86.0,False
138,mobelringen,Happy hjørnesofa,https://www.mobelringen.no/media/catalog/product/cache/bc1e159b67398ba35d189fa382110a17/2/7/270171003_8677679.png,"Oppsett: 3-seter, hjørne, endeavslutning. Tekstil Adore dark green. Ben sortbeiset eik. Løse konvoluttputer (A1).",https://www.mobelringen.no/happy-hjornesofa-270171003,30799 NOK,270171003,TROELS MØBLER AS,306,306.0,89,89.0,254,254.0,47,47.0,102,102.0,False
139,mobelringen,Nordicline modulsofa,https://www.mobelringen.no/media/catalog/product/cache/bc1e159b67398ba35d189fa382110a17/3/1/318866001_8605913.png,"Oppsett K, arm 12. Tekstil Lisa Green. Ben skrå natur eik 20cm.",https://www.mobelringen.no/nordicline-modulsofa-318866001,19679 NOK,318866001,HJELLEGJERDE AS,234,234.0,83,83.0,188,188.0,46,46.0,88,88.0,False
140,mobelringen,Mantovani modulsofa,https://www.mobelringen.no/media/catalog/product/cache/bc1e159b67398ba35d189fa382110a17/2/4/248834001_1139412.png,"15 oppsett A arm 5. Fossvik støvet blå. Pyramideformet, hvitvasket eik ben.",https://www.mobelringen.no/mantovani-modulsofa,47499 NOK,248834001,HJELLEGJERDE AS,305,305.0,81,81.0,203,203.0,45,45.0,86,86.0,False
141,mobelringen,Embla hjørnesofa,https://www.mobelringen.no/media/catalog/product/cache/bc1e159b67398ba35d189fa382110a17/3/2/322334002_8651474.png,"Oppsett: 2-seter, hjørne, 2-seter. Tekstil Diana lys granitt. Ben wenge.",https://www.mobelringen.no/embla-hjornesofa-322334002,24999 NOK,322334002,DOMINARI - NORTH LIVING,250,250.0,78,78.0,250,250.0,,,94,94.0,False
142,mobelringen,Passion 3-seter,https://www.mobelringen.no/media/catalog/product/cache/bc1e159b67398ba35d189fa382110a17/2/0/205130048_2502615.png,"Arm 3, 35 kg kaldskum seteputer, ryggputer dun. Hud Nanuke blue. Alu vinkelben.",https://www.mobelringen.no/passion-3-seter,31499 NOK,205130048,TROELS MØBLER AS,219,219.0,86,86.0,,,47,47.0,88,88.0,False
143,mobelringen,Stressless® Arion modulsofa,https://www.mobelringen.no/media/catalog/product/cache/bc1e159b67398ba35d189fa382110a17/3/0/301331001_3992409.jpg,"Oppsett A1. Tekstil Erica grey, ben sort bøk, 11 cm.",https://www.mobelringen.no/stresslessr-arion-modulsofa-301331001,57680 NOK,301331001,STRESSLESS,335,335.0,,,242,242.0,44,44.0,80,80.0,False
144,mobelringen,Happy Lux 4-seter,https://www.mobelringen.no/media/catalog/product/cache/bc1e159b67398ba35d189fa382110a17/2/8/286677008_8677678.png,Tekstil Siena natur. Ben sort eik. Konvoluttputer.,https://www.mobelringen.no/happy-lux-4-seter,19799 NOK,286677008,TROELS MØBLER AS,264,264.0,90,90.0,,,43,43.0,102,102.0,False
145,mobelringen,Embla 3-seter m/divan,https://www.mobelringen.no/media/catalog/product/cache/bc1e159b67398ba35d189fa382110a17/3/2/322544001_8651475.png,"Tekstil Diana lys granitt, ben wenge.",https://www.mobelringen.no/embla-3-seter-m-divan,16999 NOK,322544001,DOMINARI - NORTH LIVING,270,270.0,80,80.0,151,151.0,45,45.0,94,94.0,False
146,mobelringen,Passion modulsofa,https://www.mobelringen.no/media/catalog/product/cache/bc1e159b67398ba35d189fa382110a17/2/5/255790022_3697107.png,"Oppsett 21, arm 4. Tekstil Unite medium brown. Krom ben.",https://www.mobelringen.no/passion-modulsofa-255790022,26339 NOK,255790022,TROELS MØBLER AS,308,308.0,85,85.0,271,271.0,47,47.0,88-148,,False
147,mobelringen,Balder hjørnesofa,https://www.mobelringen.no/media/catalog/product/cache/bc1e159b67398ba35d189fa382110a17/3/0/300659_3854474.jpg,"FAST LAVPRIS. Oppsett 2-seter, hjørne og 2-seter. Tekstil Inari grafitt. Runde ben, mørke brun. Pris eks. nakkestøtte/tilbehør.",https://www.mobelringen.no/balder-hjornesofa-300659,9999 NOK,300659,DOMINARI,231,231.0,82,82.0,231,231.0,45,45.0,86,86.0,False
148,mobelringen,Ventos modulsofa,https://www.mobelringen.no/media/catalog/product/cache/bc1e159b67398ba35d189fa382110a17/3/0/306742002_8677412.png,"Oppsett G TD, arm B. Tekstil Silent taupe. Sorte ben.",https://www.mobelringen.no/ventos-modulsofa-306742002,18999 NOK,306742002,SCAPA BALTIC UAB,333,333.0,86,86.0,230,230.0,,,95/170,,False
149,mobelringen,Fly sovesofa,https://www.mobelringen.no/media/catalog/product/cache/bc1e159b67398ba35d189fa382110a17/3/0/307020_8663455.jpg,"FAST LAVPRIS. 2,5-seter, tekstil Eng graphite 97, liggemål 140x199.",https://www.mobelringen.no/fly-sovesofa,6999 NOK,307020,DOMINARI - NORTH LIVING,199,199.0,87,87.0,,,40,40.0,100,100.0,True
150,mobelringen,Passion modulsofa,https://www.mobelringen.no/media/catalog/product/cache/bc1e159b67398ba35d189fa382110a17/2/5/255790021_3697106.png,"Oppsett 21, arm 4. Tekstil Unite green. Alu ben 10, justerbar.",https://www.mobelringen.no/passion-modulsofa-255790021,26339 NOK,255790021,TROELS MØBLER AS,308,308.0,85,85.0,271,271.0,47,47.0,88-148,,False
151,mobelringen,Fantasy 3-seter,https://www.mobelringen.no/media/catalog/product/cache/bc1e159b67398ba35d189fa382110a17/2/8/283425009_3995696.png,"Modulsofa oppsett 3-seter m arm C. Soft ryggpute. Tekstil Mode/Icon silver. Ben sort aluminium, 16 cm, rund.",https://www.mobelringen.no/fantasy-3-seter-283425009,17399 NOK,283425009,BRUNSTAD AS,190,190.0,80,80.0,,,44,44.0,89,89.0,False
152,mobelringen,Passion modulsofa,https://www.mobelringen.no/media/catalog/product/cache/bc1e159b67398ba35d189fa382110a17/2/3/236544011_3714994.png,"Oppsett 15, arm 2. Tekstil Riviera Petrol/mint. Ben eik sort. 35 kg kaldskum. Nakkestøtte er tillegg i pris.",https://www.mobelringen.no/passion-modulsofa-236544011,35099 NOK,236544011,TROELS MØBLER AS,273,273.0,85,85.0,245,245.0,47,47.0,88,88.0,False
153,mobelringen,Sandefjord modulsofa,https://www.mobelringen.no/media/catalog/product/cache/bc1e159b67398ba35d189fa382110a17/1/9/196856018_8626520.png,"Oppsett 3-v-2,5 arm B. Duo-pute. Med pynteputer (44x44 cm). Tekstil Page grønn. Ben V sort.",https://www.mobelringen.no/sandefjord-modulsofa-196856018,33999 NOK,196856018,STORDAL AS,264,264.0,84,84.0,236,236.0,46,46.0,85,85.0,False
154,mobelringen,Mantovani 3-seter,https://www.mobelringen.no/media/catalog/product/cache/bc1e159b67398ba35d189fa382110a17/2/5/251988004_2793169.png,"Sofa i tekstil Medley grønnbrun, vinkelben sort. DUO-puter. Soft ryggpute.",https://www.mobelringen.no/mantovani-3-seter,14399 NOK,251988004,HJELLEGJERDE AS,191,191.0,81,81.0,,,45,45.0,86,86.0,False
155,mobelringen,Stressless® Emma E200 modulsofa,https://www.mobelringen.no/media/catalog/product/cache/bc1e159b67398ba35d189fa382110a17/3/1/317753001_8675391.png,"Oppsett 3-seter med Power-funksjon venstre. Tekstil Calido light grey, stålben 110 mm.",https://www.mobelringen.no/stresslessr-emma-e200-modulsofa-317753001,38840 NOK,317753001,STRESSLESS,250,250.0,99,99.0,,,46,46.0,188,188.0,False
156,mobelringen,HØDNEBØ® Hvaler 4-seter,https://www.mobelringen.no/media/catalog/product/cache/bc1e159b67398ba35d189fa382110a17/2/9/292286001_3365289.png,"Hud Astro Line Black, stålbøyle sort.",https://www.mobelringen.no/hodnebor-hvaler-4-seter,41199 NOK,292286001,HØDNEBØ,262,262.0,83,83.0,,,46,46.0,86,86.0,False
157,mobelringen,Mantovani modulsofa,https://www.mobelringen.no/media/catalog/product/cache/bc1e159b67398ba35d189fa382110a17/2/5/253170002_3967320.png,"Oppsett F, A1 duo. Panama grey beige. Ben sort eik, 12 cm. Pris eks. nakkestøtte.",https://www.mobelringen.no/mantovani-modulsofa-253170002,39799 NOK,253170002,HJELLEGJERDE AS,275,275.0,81,81.0,237,237.0,45,45.0,86,86.0,False
158,mobelringen,"HØDNEBØ® Tromøya 1,5-seter",https://www.mobelringen.no/media/catalog/product/cache/bc1e159b67398ba35d189fa382110a17/2/9/292259001_3365316.png,"Tekstil Laguna Velvet Rust, ben pyramide sort.",https://www.mobelringen.no/hodnebor-tromoya-1-5-seter,13799 NOK,292259001,HØDNEBØ,106,106.0,77,77.0,,,46,46.0,87,87.0,False
159,mobelringen,Sofia sovesofa,https://www.mobelringen.no/media/catalog/product/cache/bc1e159b67398ba35d189fa382110a17/2/0/205932004_8555783.png,3-seter. Tekstil Emma light grey. Standard ben. Madrassmål 153x195 cm. Utslått lengde 238 cm.,https://www.mobelringen.no/sofia-sovesofa-205932004,14999 NOK,205932004,HOVDEN MØBEL AS,202,202.0,85,85.0,238,238.0,,,95,95.0,True
160,mobelringen,Anne modulsofa,https://www.mobelringen.no/media/catalog/product/cache/bc1e159b67398ba35d189fa382110a17/2/7/275130001_2504991.png,"Oppsett: Arm 1-2,5-seter-90-endemodul høyre. Tekstil Laguna velvet grønn, vinkelbein i sort. Med konvoluttputer 50x50/soft.",https://www.mobelringen.no/anne-hjornesofa,28699 NOK,275130001,HJELLEGJERDE AS,280,280.0,86,86.0,202,202.0,47,47.0,85,85.0,False
161,mobelringen,"Stressless® Stella 2,5-seter",https://www.mobelringen.no/media/catalog/product/cache/bc1e159b67398ba35d189fa382110a17/3/0/302199001_3919157.jpg,Tekstil Grace Rust. Ben matt sort. Arm S1.,https://www.mobelringen.no/stresslessr-stella-2-5-seter,19999 NOK,302199001,STRESSLESS,227,227.0,78,78.0,,,44,44.0,93,93.0,False
162,mobelringen,Stressless® Aurora 2-seter,https://www.mobelringen.no/media/catalog/product/cache/bc1e159b67398ba35d189fa382110a17/2/9/290305005_3916431.png,"Høy rygg. Hud Paloma Shadow Blue. Ben sort bøk, 11 cm.",https://www.mobelringen.no/stresslessr-aurora-2-seter,23999 NOK,290305005,STRESSLESS,164,164.0,102,102.0,,,47,47.0,82,82.0,False
163,mobelringen,Embla hjørnesofa,https://www.mobelringen.no/media/catalog/product/cache/bc1e159b67398ba35d189fa382110a17/3/2/322331001_8646300.png,"U-oppsett: Divan, 2-seter, hjørne, endeavslutning høyre. Tekstil Diana lys granitt. Ben wenge.",https://www.mobelringen.no/embla-hjornesofa,24999 NOK,322331001,DOMINARI - NORTH LIVING,314,314.0,78,78.0,214,214.0,45,45.0,94,94.0,False
164,mobelringen,Stressless® Aurora 3-seter,https://www.mobelringen.no/media/catalog/product/cache/bc1e159b67398ba35d189fa382110a17/3/1/318498001_8638497.png,"Med Stressless® Power, motorisert komfortfunksjon, venstre. Høy rygg. Hud sparrow blue. Ben stål, 11 cm. Ø4,2 cm.",https://www.mobelringen.no/stresslessr-aurora-3-seter-318498001,39544 NOK,318498001,STRESSLESS,,,,,,,,,,,False
165,mobelringen,Moon sovesofa,https://www.mobelringen.no/media/catalog/product/cache/bc1e159b67398ba35d189fa382110a17/2/5/256524001_1173779.png,"Tekstil Troy antracit, chrome ben.",https://www.mobelringen.no/moon-sovesofa,9099 NOK,256524001,SCAPA BALTIC UAB,205,205.0,92,92.0,,,,,92,92.0,True
166,mobelringen,Stressless® Stella hjørnesofa,https://www.mobelringen.no/media/catalog/product/cache/bc1e159b67398ba35d189fa382110a17/3/0/302723015_3919193.jpg,Oppsett C21 S1. Hud Paloma copper. Ben chrome.,https://www.mobelringen.no/stresslessr-stella-hjornesofa,42328 NOK,302723015,STRESSLESS,,,78,78.0,169,169.0,44,44.0,93,93.0,False
167,mobelringen,Balder 3-seter,https://www.mobelringen.no/media/catalog/product/cache/bc1e159b67398ba35d189fa382110a17/2/9/292197_3486357.png,"FAST LAVPRIS. Tekstil Inari grafitt. Runde ben, mørke brun.",https://www.mobelringen.no/balder-3-seter-292197,4999 NOK,292197,DOMINARI,212,212.0,82,82.0,,,45,45.0,86,86.0,False
168,mobelringen,Anne stol / 1-seter,https://www.mobelringen.no/media/catalog/product/cache/bc1e159b67398ba35d189fa382110a17/2/7/275127001_2605280.png,"Tekstil Laguna velvet 1462 green, vinkelben sort",https://www.mobelringen.no/anne-stol-1-seter,9599 NOK,275127001,HJELLEGJERDE AS,89,89.0,86,86.0,,,47,47.0,85,85.0,False
169,mobelringen,Passion modulsofa,https://www.mobelringen.no/media/catalog/product/cache/bc1e159b67398ba35d189fa382110a17/2/3/236544012_3714996.png,"Oppsett 15, arm 2. Tekstil Riviera Dark Green. Ben eik sort. 35 kg kaldskum. Nakkestøtte er tillegg i pris.",https://www.mobelringen.no/passion-modulsofa-236544012,32799 NOK,236544012,TROELS MØBLER AS,273,273.0,85,85.0,245,245.0,47,47.0,88,88.0,False
170,mobelringen,HØDNEBØ® Tromøya pall,https://www.mobelringen.no/media/catalog/product/cache/bc1e159b67398ba35d189fa382110a17/2/9/292281001_3365326.png,"Tekstil Laguna Velvet Rust, ben pyramide sort.",https://www.mobelringen.no/hodnebor-tromoya-pall,5599 NOK,292281001,HØDNEBØ,106,106.0,46,46.0,,,46,46.0,60,60.0,False
171,mobelringen,"Siero 2,5-seter",https://www.mobelringen.no/media/catalog/product/cache/bc1e159b67398ba35d189fa382110a17/3/0/305124001_8670244.jpg,Arm A. Tekstil Danny antrasitt. Sorte metallben.,https://www.mobelringen.no/siero-2-5-seter,8999 NOK,305124001,SCAPA BALTIC UAB,188,188.0,85,85.0,,,46,46.0,92,92.0,False
172,mobelringen,Siero hjørnesofa,https://www.mobelringen.no/media/catalog/product/cache/bc1e159b67398ba35d189fa382110a17/3/0/305121001_8692104.png,"Oppsett 2,5-seter, hjørne og avslutning venstre. Arm B. Tekstil Danny antrasitt. Sorte ben.",https://www.mobelringen.no/siero-hjornesofa,14999 NOK,305121001,SCAPA BALTIC UAB,260,260.0,85,85.0,210,210.0,46,46.0,92,92.0,False
173,mobelringen,Balder hjørnesofa med divan,https://www.mobelringen.no/media/catalog/product/cache/bc1e159b67398ba35d189fa382110a17/2/9/292184_3362104.png,"FAST LAVPRIS. Oppsett: 2-seter, hjørne, 2-seter, divan (vendbar). Tekstil Inari blå. Mørkebrune, runde treben.",https://www.mobelringen.no/balder-hjornesofa-med-divan,11999 NOK,292184,DOMINARI,296,296.0,82,82.0,231/144,,45,45.0,86,86.0,False
174,mobelringen,Ventos modulsofa,https://www.mobelringen.no/media/catalog/product/cache/bc1e159b67398ba35d189fa382110a17/3/0/306741001_8595604.png,"Oppsett F med longseat, arm A. Tekstil Eros Navy. Sorte ben.",https://www.mobelringen.no/ventos-modulsofa-306741001,27399 NOK,306741001,SCAPA BALTIC UAB,333,333.0,86,86.0,230,230.0,44,44.0,95/170,,False
175,mobelringen,Multibygg modulsofa,https://www.mobelringen.no/media/catalog/product/cache/bc1e159b67398ba35d189fa382110a17/2/7/275004002_2544036.png,"Oppsett 23, arm 1. Tekstil Coast grey. Ben sortbeiset bøk, 10,5 cm.",https://www.mobelringen.no/multibygg-modulsofa-275004002,17359 NOK,275004002,HJORT KNUDSEN AS,240-259,,80,80.0,190-209,,,,90,90.0,False
176,mobelringen,Mantovani modulsofa,https://www.mobelringen.no/media/catalog/product/cache/bc1e159b67398ba35d189fa382110a17/2/4/248833001_643948.png,"Oppsett 23/32 A1. Upe Grey, runde stålben.",https://www.mobelringen.no/mantovani-modulsofa-248833001,29299 NOK,248833001,HJELLEGJERDE AS,275,275.0,81,81.0,218,218.0,45,45.0,86,86.0,False
177,mobelringen,System + 3-seter (modulsofa),https://www.mobelringen.no/media/catalog/product/cache/bc1e159b67398ba35d189fa382110a17/1/0/100962033_1182591.png,"Modell Ami. Tekstil Cabana sand, 5 cm eik oljet ben.",https://www.mobelringen.no/system-3-seter-modulsofa,21499 NOK,100962033,BRUNSTAD AS,199,199.0,86,86.0,,,45,45.0,79,79.0,False
178,mobelringen,Embla hjørnesofa,https://www.mobelringen.no/media/catalog/product/cache/bc1e159b67398ba35d189fa382110a17/3/2/322333002_8651472.png,"Oppsett: Divan, 2-seter, hjørne, 2-seter. Tekstil Diana lys granitt. Ben wenge.",https://www.mobelringen.no/embla-hjornesofa-322333002,28999 NOK,322333002,DOMINARI - NORTH LIVING,320,320.0,78,78.0,250,250.0,,,94,94.0,False
179,mobelringen,Ventos modulsofa,https://www.mobelringen.no/media/catalog/product/cache/bc1e159b67398ba35d189fa382110a17/3/1/319783002_8677413.png,"Oppsett J TD, arm B. Tekstil Silent taupe. Sorte ben.",https://www.mobelringen.no/ventos-modulsofa-319783002,14999 NOK,319783002,SCAPA BALTIC UAB,,,86,86.0,,,,,95,95.0,False
180,mobelringen,Stressless® Aurora 2-seter,https://www.mobelringen.no/media/catalog/product/cache/bc1e159b67398ba35d189fa382110a17/2/9/290305004_3916441.png,"Høy rygg. Hud Paloma copper. Stålben, 11 cm.",https://www.mobelringen.no/stresslessr-aurora-2-seter-290305004,23999 NOK,290305004,STRESSLESS,164,164.0,102,102.0,,,47,47.0,82,82.0,False
181,mobelringen,HØDNEBØ® Hvaler 5-seter,https://www.mobelringen.no/media/catalog/product/cache/bc1e159b67398ba35d189fa382110a17/2/9/292279001_3365292.png,Tekstil Laguna velvet mole. Ben runde sort.,https://www.mobelringen.no/hodnebor-hvaler-5-seter,25399 NOK,292279001,HØDNEBØ,293,293.0,83,83.0,,,46,46.0,86,86.0,False
182,mobelringen,Nora modulsofa,https://www.mobelringen.no/media/catalog/product/cache/bc1e159b67398ba35d189fa382110a17/2/7/278779001_2778920.png,Oppsett 23 med høy rygg uten søm. Hud i Soleda black. En elektrisk recliner. Pris eks. nakkestøtte.,https://www.mobelringen.no/nora-modulsofa,23999 NOK,278779001,HJORT KNUDSEN AS,302,302.0,88,88.0,242,242.0,,,90,90.0,False
183,mobelringen,HØDNEBØ® Tromøya pall,https://www.mobelringen.no/media/catalog/product/cache/bc1e159b67398ba35d189fa382110a17/2/9/292281002_3365317.png,"Tekstil Laguna Velvet Chanel, ben pyramide sort. Pris gjelder kun pall.",https://www.mobelringen.no/hodnebor-tromoya-pall-292281002,5599 NOK,292281002,HØDNEBØ,106,106.0,46,46.0,,,46,46.0,60,60.0,False
