,source,model,image,description,url,price,height,width,depth,sit_depth,sit_width,sit_height,legs,SKU,sleep,clearance,max_depth,width_i
0,sofacompany,Paula,https://no.sofacompany.com/media/catalog/product/cache/45033f42b5acfa54f2575f22eea402cc/2/2/224903242111_paula_3seater_1760x880grey_v1.jpg,,https://no.sofacompany.com/paula-3-seater-sofa-planet-grey-green-adjustable-224903242111,8999 NOK,76cm,217cm,90cm,60cm,183cm,40cm,Adjustable ,224903242111,n,,,217
1,sofacompany,Paula,https://no.sofacompany.com/media/catalog/product/cache/45033f42b5acfa54f2575f22eea402cc/2/2/224903240111_paula_3seater_1760x880grey_v1.jpg,,https://no.sofacompany.com/paula-3-seater-sofa-maya-cream-adjustable-224903240111,8999 NOK,76cm,217cm,90cm,60cm,183cm,40cm,Adjustable ,224903240111,n,,,217
2,sofacompany,Astha,https://no.sofacompany.com/media/catalog/product/cache/45033f42b5acfa54f2575f22eea402cc/1/2/125602194294_astha_2seater_1760x880grey_v1.jpg,,https://no.sofacompany.com/astha-2-seater-sofa-velour-matt-amber-black-matt-pc-steel-c-17cm-125602194294,7599 NOK,83cm,175cm,89cm,56cm,158cm,46cm,"Black Matt PC Steel, C, 17cm",125602194294,n,17,,175
3,sofacompany,Nora,https://no.sofacompany.com/media/catalog/product/cache/45033f42b5acfa54f2575f22eea402cc/2/2/22401304218111_nora_2seater_armright_1760x880grey_v1_1.jpg,,https://no.sofacompany.com/nora-modular-sofa-danny-dusty-blue-adjustable-22401304218111,6999 NOK,82cm,151cm,90cm,60cm,149cm,44cm,Adjustable ,22401304218111,n,,,151
4,sofacompany,Nora,https://no.sofacompany.com/media/catalog/product/cache/45033f42b5acfa54f2575f22eea402cc/2/2/2240130321811_nora_2seater_armleft_1760x880grey_v1.jpg,,https://no.sofacompany.com/nora-modular-sofa-danny-dusty-blue-adjustable-22401303218111,6999 NOK,82cm,151cm,90cm,60cm,149cm,44cm,Adjustable ,22401303218111,n,,,151
5,sofacompany,Nora,https://no.sofacompany.com/media/catalog/product/cache/45033f42b5acfa54f2575f22eea402cc/2/2/22401301218111_nora_1seater_center_1760x880grey_v1.jpg,,https://no.sofacompany.com/nora-modular-sofa-danny-dusty-blue-adjustable-22401301218111,4499 NOK,82cm,110cm,93cm,60cm,94cm,44cm,Adjustable ,22401301218111,n,,,110
6,sofacompany,Nora,https://no.sofacompany.com/media/catalog/product/cache/45033f42b5acfa54f2575f22eea402cc/2/2/22401312218111_nora_2seater_chaise_left_1760x880grey_v1_1.jpg,,https://no.sofacompany.com/nora-modular-sofa-danny-dusty-blue-adjustable-22401312218111,7499 NOK,82cm,151cm,117cm,86cm,149cm,44cm,Adjustable ,22401312218111,n,,,151
7,sofacompany,Nora,https://no.sofacompany.com/media/catalog/product/cache/45033f42b5acfa54f2575f22eea402cc/2/2/22401313218111_nora_2seater_chaise_right_1760x880grey_v1.jpg,,https://no.sofacompany.com/nora-modular-sofa-danny-dusty-blue-adjustable-22401313218111,7499 NOK,82cm,151cm,117cm,86cm,149cm,44cm,Adjustable ,22401313218111,n,,,151
8,sofacompany,CHILL by SLS,https://no.sofacompany.com/media/catalog/product/cache/45033f42b5acfa54f2575f22eea402cc/2/3/232003248116207_chill_3seater_1760x880grey_v1.3.jpg,,https://no.sofacompany.com/chill-by-sls-sea-navy-black-metal-e-10-cm-232003248116207,19999 NOK,84cm,209cm,87cm,58cm,200cm,46cm,"Black Metal, E, 10 cm",232003248116207,n,10,,209
9,sofacompany,Alex,https://no.sofacompany.com/media/catalog/product/cache/45033f42b5acfa54f2575f22eea402cc/1/0/101505116188_Front_1.jpg,,https://no.sofacompany.com/alex-daybed-bench-leather-bronze-smoked-oak-a-28-cm-round-101505116188,13999 NOK,51cm,201cm,96cm,,,,"Smoked Oak, A, 28 cm, Round",101505116188,n,,,201
10,sofacompany,Anne,https://no.sofacompany.com/media/catalog/product/cache/45033f42b5acfa54f2575f22eea402cc/0/4/046103136032_Front_2.jpg,,https://no.sofacompany.com/anne-3-seater-sofa-velour-lux-dark-green-black-a-22-cm-046103136032,6999 NOK,82cm,181cm,80cm,54cm,150cm,47cm,"Black, A, 22 cm",046103136032,n,22,,181
11,sofacompany,Ellen,https://no.sofacompany.com/media/catalog/product/cache/45033f42b5acfa54f2575f22eea402cc/0/4/046503194012_ellen_3seater_1760x880grey_v1.jpg,,https://no.sofacompany.com/ellen-3-seater-sofa-velour-matt-amber-oak-a-22-cm-046503194012,6999 NOK,90cm,196cm,84cm,53cm,158cm,47cm,"Oak, A, 22 cm",046503194012,n,22,,196
12,sofacompany,Vera,https://no.sofacompany.com/media/catalog/product/cache/45033f42b5acfa54f2575f22eea402cc/0/7/078802059010_Front_1.jpg,,https://no.sofacompany.com/vera-2-seater-sofa-vega-sand-dune-oak-a-17-cm-078802059010,7499 NOK,78cm,169cm,94cm,61cm,140cm,43cm,"Oak, A, 17 cm",078802059010,n,17,,169
13,sofacompany,Vera,https://no.sofacompany.com/media/catalog/product/cache/45033f42b5acfa54f2575f22eea402cc/0/7/078802177122_vera_2seater_1760x880grey_v1.jpg,,https://no.sofacompany.com/vera-2-seater-sofa-olena-light-grey-oak-soap-a-17-cm-078802177122,7499 NOK,78cm,169cm,94cm,61cm,140cm,43cm,"Oak Soap, A, 17 cm",078802177122,n,17,,169
14,sofacompany,Vera,https://no.sofacompany.com/media/catalog/product/cache/45033f42b5acfa54f2575f22eea402cc/0/7/078802178122_vera_2seater_1760x880grey_low_v1.jpg,,https://no.sofacompany.com/vera-2-seater-sofa-olena-midnight-blue-oak-soap-a-17-cm-078802178122,7499 NOK,78cm,169cm,94cm,61cm,140cm,43cm,"Oak Soap, A, 17 cm",078802178122,n,17,,169
15,sofacompany,Harry,https://no.sofacompany.com/media/catalog/product/cache/45033f42b5acfa54f2575f22eea402cc/0/8/084002040040_Front_2.jpg,,https://no.sofacompany.com/harry-2-seater-sofa-andie-antracit-walnut-a-25-cm-084002040040,5499 NOK,74cm,155cm,80cm,55cm,127cm,40cm,"Walnut, A, 25 cm",084002040040,n,25,,155
16,sofacompany,Johan,https://no.sofacompany.com/media/catalog/product/cache/45033f42b5acfa54f2575f22eea402cc/0/7/074803116008_Front_1.jpg,,https://no.sofacompany.com/johan-3-seater-sofa-leather-bronze-smoked-oak-e-17-cm-074803116008,19999 NOK,82cm,202cm,93cm,59cm,178cm,43cm,"Smoked Oak, E, 17 cm",074803116008,n,17,,202
17,sofacompany,Alex,https://no.sofacompany.com/media/catalog/product/cache/45033f42b5acfa54f2575f22eea402cc/1/4/140112116185_Front_1.jpg,,https://no.sofacompany.com/alex-daybed-bench-leather-bronze-smoked-oak-a-24-cm-round-140112116185,7599 NOK,45cm,160cm,52cm,,,,"Smoked Oak, A, 24 cm, Round",140112116185,n,,,160
18,sofacompany,Nelson,https://no.sofacompany.com/media/catalog/product/cache/45033f42b5acfa54f2575f22eea402cc/1/5/150307177164_nelson_3seater_1760x880grey_v1_2.jpg,,https://no.sofacompany.com/nelson-cornersofa-olena-light-grey-oak-b-16-cm-150307177016,14999 NOK,81cm,264cm,93cm,56cm,227cm,44cm,"Oak, B, 16 cm",150307177016,n,16,198.0,264
19,sofacompany,Nelson,https://no.sofacompany.com/media/catalog/product/cache/45033f42b5acfa54f2575f22eea402cc/1/5/150307184164_Angle_1.jpg,,https://no.sofacompany.com/nelson-cornersofa-olena-antracit-oak-soap-b-16-cm-150307184164,14999 NOK,81cm,264cm,93cm,56cm,227cm,44cm,"Oak Soap, B, 16 cm",150307184164,n,16,198.0,264
20,sofacompany,Douglas,https://no.sofacompany.com/media/catalog/product/cache/45033f42b5acfa54f2575f22eea402cc/1/9/190704204216_douglas_4seater_1760x880grey_v1_1.jpg,,https://no.sofacompany.com/douglas-4-seater-sofa-sorrento-steel-blue-oak-soap-e-10-cm-190804204216,12999 NOK,86cm,302cm,97cm,60cm,270cm,43cm,"Oak Soap, E, 10 cm",190804204216,n,10,,302
21,sofacompany,Randi,https://no.sofacompany.com/media/catalog/product/cache/45033f42b5acfa54f2575f22eea402cc/1/5/154512153139_Front_1.jpg,,https://no.sofacompany.com/randi-daybed-bench-talent-cool-grey-smoked-oak-e-27-cm-154512153139,3999 NOK,46cm,162cm,53cm,,,,"Smoked Oak, E, 27 cm",154512153139,n,27,,162
22,sofacompany,Vera,https://no.sofacompany.com/media/catalog/product/cache/45033f42b5acfa54f2575f22eea402cc/0/7/078803059010_Front_2.JPG,,https://no.sofacompany.com/vera-3-seater-sofa-vega-sand-dune-oak-a-17-cm-078803059010,8999 NOK,78cm,216cm,94cm,61cm,186cm,47cm,"Oak, A, 17 cm",078803059010,n,17,,216
23,sofacompany,Vera,https://no.sofacompany.com/media/catalog/product/cache/45033f42b5acfa54f2575f22eea402cc/0/7/078803177122_vera_3seater_1760x880grey_v1.jpg,,https://no.sofacompany.com/vera-3-seater-sofa-olena-light-grey-oak-soap-a-17-cm-078803177122,8999 NOK,78cm,216cm,94cm,61cm,186cm,47cm,"Oak Soap, A, 17 cm",078803177122,n,17,,216
24,sofacompany,Vera,https://no.sofacompany.com/media/catalog/product/cache/45033f42b5acfa54f2575f22eea402cc/0/7/078803178122_vera_3seater_1760x880grey_low_v1.jpg,,https://no.sofacompany.com/vera-3-seater-sofa-olena-midnight-blue-oak-soap-a-17-cm-078803178122,8999 NOK,78cm,216cm,94cm,61cm,186cm,47cm,"Oak Soap, A, 17 cm",078803178122,n,17,,216
25,sofacompany,Nelson,https://no.sofacompany.com/media/catalog/product/cache/45033f42b5acfa54f2575f22eea402cc/1/5/150308177164_nelson_3seater_1760x880grey_v1_2.jpg,,https://no.sofacompany.com/nelson-cornersofa-olena-light-grey-oak-b-16-cm-150308177016,14999 NOK,81cm,264cm,93cm,56cm,227cm,44cm,"Oak, B, 16 cm",150308177016,n,16,198.0,264
26,sofacompany,Douglas,https://no.sofacompany.com/media/catalog/product/cache/45033f42b5acfa54f2575f22eea402cc/1/9/190804202215_douglas_4seater_1760x880grey_v1.jpg,,https://no.sofacompany.com/douglas-4-seater-sofa-agnes-brown-oak-e-10-cm-190804202215,12999 NOK,86cm,302cm,97cm,60cm,270cm,43cm,"Oak, E, 10 cm",190804202215,n,10,,302
27,sofacompany,Nelson,https://no.sofacompany.com/media/catalog/product/cache/45033f42b5acfa54f2575f22eea402cc/1/5/150308184164_Front_1.jpg,,https://no.sofacompany.com/nelson-cornersofa-olena-antracit-oak-soap-b-16-cm-150308184164,14999 NOK,81cm,264cm,93cm,56cm,227cm,44cm,"Oak Soap, B, 16 cm",150308184164,n,16,198.0,264
28,sofacompany,Dane,https://no.sofacompany.com/media/catalog/product/cache/45033f42b5acfa54f2575f22eea402cc/1/9/19841301192184_dane_1seater_1760x880grey_v1.jpg,,https://no.sofacompany.com/dane-modular-sofa-sorrento-dark-plum-black-e-3-cm-19841301192184,4499 NOK,71cm,95cm,95cm,67cm,95cm,42cm,"Black, E, 3 cm",19841301192184,n,3,,95
29,sofacompany,Dane,https://no.sofacompany.com/media/catalog/product/cache/45033f42b5acfa54f2575f22eea402cc/1/9/19841301194184_dane_1seater_1760x880grey_v1.jpg,,https://no.sofacompany.com/dane-modular-sofa-velour-matt-amber-black-e-3-cm-19841301194184,4499 NOK,71cm,95cm,95cm,67cm,95cm,42cm,"Black, E, 3 cm",19841301194184,n,3,,95
30,sofacompany,Dane,https://no.sofacompany.com/media/catalog/product/cache/45033f42b5acfa54f2575f22eea402cc/1/9/19841301206184_dane_1seater_1760x880grey_v1.jpg,,https://no.sofacompany.com/dane-modular-sofa-mosso-steel-grey-black-e-3-cm-19841301206184,4499 NOK,71cm,95cm,95cm,67cm,95cm,42cm,"Black, E, 3 cm",19841301206184,n,3,,95
31,sofacompany,Dane,https://no.sofacompany.com/media/catalog/product/cache/45033f42b5acfa54f2575f22eea402cc/1/9/19841305192184_dane_footrest_1760x880grey_v1.jpg,,https://no.sofacompany.com/dane-modular-sofa-sorrento-dark-plum-black-e-3-cm-19841305192184,3499 NOK,42cm,95cm,95cm,95cm,95cm,42cm,"Black, E, 3 cm",19841305192184,n,3,,95
32,sofacompany,Dane,https://no.sofacompany.com/media/catalog/product/cache/45033f42b5acfa54f2575f22eea402cc/1/9/19841305194184_dane_footrest_1760x880grey_v1.jpg,,https://no.sofacompany.com/dane-modular-sofa-velour-matt-amber-black-e-3-cm-19841305194184,3499 NOK,42cm,95cm,95cm,95cm,95cm,42cm,"Black, E, 3 cm",19841305194184,n,3,,95
33,sofacompany,Dane,https://no.sofacompany.com/media/catalog/product/cache/45033f42b5acfa54f2575f22eea402cc/1/9/19841305206184_dane_footrest_1760x880grey_v1.jpg,,https://no.sofacompany.com/dane-modular-sofa-mosso-steel-grey-black-e-3-cm-19841305206184,3499 NOK,42cm,95cm,95cm,95cm,95cm,42cm,"Black, E, 3 cm",19841305206184,n,3,,95
34,sofacompany,Astha,https://no.sofacompany.com/media/catalog/product/cache/45033f42b5acfa54f2575f22eea402cc/1/2/125609134100_Front_1.jpg,,https://no.sofacompany.com/astha-chaise-longue-sofa-velour-matt-dark-grey-brass-metal-c-17-cm-125609134100,13999 NOK,83cm,300cm,89cm,56cm,292cm,46cm,"Brass Metal, C, 17 cm",125609134100,n,17,,300
35,sofacompany,Astha,https://no.sofacompany.com/media/catalog/product/cache/45033f42b5acfa54f2575f22eea402cc/1/2/125609202208_astha_3schaise_1760x880grey_v1_3.jpg,,https://no.sofacompany.com/astha-chaise-longue-sofa-agnes-brown-oak-soap-b-17-cm-125609202208,13999 NOK,83cm,300cm,89cm,56cm,292cm,46cm,"Oak Soap, B, 17 cm",125609202208,n,17,,300
36,sofacompany,Astha,https://no.sofacompany.com/media/catalog/product/cache/45033f42b5acfa54f2575f22eea402cc/1/2/125609204294_astha_chaise_1760x880grey_v1.jpg,,https://no.sofacompany.com/astha-chaise-longue-sofa-sorrento-steel-blue-black-matt-pc-steel-c-17cm-125609204294,13999 NOK,83cm,300cm,89cm,56cm,292cm,46cm,"Black Matt PC Steel, C, 17cm",125609204294,n,17,,300
37,sofacompany,Ella,https://no.sofacompany.com/media/catalog/product/cache/45033f42b5acfa54f2575f22eea402cc/0/9/096803058112_Front_1.jpg,,https://no.sofacompany.com/ella-3-seater-sofa-vega-antracit-oak-e-19-cm-096803058112,9999 NOK,85cm,221cm,93cm,60cm,178cm,47cm,"Oak, E, 19 cm",096803058112,n,19,,221
38,sofacompany,Astha,https://no.sofacompany.com/media/catalog/product/cache/45033f42b5acfa54f2575f22eea402cc/1/2/125610134100_Front_1.jpg,,https://no.sofacompany.com/astha-chaise-longue-sofa-velour-matt-dark-grey-brass-metal-c-17-cm-125610134100,13999 NOK,83cm,300cm,89cm,56cm,292cm,46cm,"Brass Metal, C, 17 cm",125610134100,n,17,,300
39,sofacompany,Astha,https://no.sofacompany.com/media/catalog/product/cache/45033f42b5acfa54f2575f22eea402cc/1/2/125610202208_astha_3schaise_1760x880_v1_2.jpg,,https://no.sofacompany.com/astha-chaise-longue-sofa-agnes-brown-oak-soap-b-17-cm-125610202208,13999 NOK,83cm,300cm,89cm,56cm,292cm,46cm,"Oak Soap, B, 17 cm",125610202208,n,17,,300
40,sofacompany,Astha,https://no.sofacompany.com/media/catalog/product/cache/45033f42b5acfa54f2575f22eea402cc/1/2/125610204294_astha_chaise_1760x880grey_v1.jpg,,https://no.sofacompany.com/astha-chaise-longue-sofa-sorrento-steel-blue-black-matt-pc-steel-c-17cm-125610204294,13999 NOK,83cm,300cm,89cm,56cm,292cm,46cm,"Black Matt PC Steel, C, 17cm",125610204294,n,17,,300
41,sofacompany,Astha,https://no.sofacompany.com/media/catalog/product/cache/45033f42b5acfa54f2575f22eea402cc/1/2/125672134100_astha_2seater_chaise_1760x880grey_v1_1.jpg,,https://no.sofacompany.com/astha-chaise-longue-sofa-velour-matt-dark-grey-brass-metal-c-17-cm-125672134100,10499 NOK,83cm,208cm,89cm,56cm,199cm,46cm,"Brass Metal, C, 17 cm",125672134100,n,17,,208
42,sofacompany,Astha,https://no.sofacompany.com/media/catalog/product/cache/45033f42b5acfa54f2575f22eea402cc/1/2/125672202208_astha_2seater_chaise_1760x880grey_v1.jpg,,https://no.sofacompany.com/astha-chaise-longue-sofa-agnes-brown-oak-soap-b-17-cm-125672202208,11999 NOK,83cm,208cm,89cm,56cm,199cm,46cm,"Oak Soap, B, 17 cm",125672202208,n,17,,208
43,sofacompany,Astha,https://no.sofacompany.com/media/catalog/product/cache/45033f42b5acfa54f2575f22eea402cc/1/2/125672204294_astha_chaise_1760x880grey_v1.jpg,,https://no.sofacompany.com/astha-chaise-longue-sofa-sorrento-steel-blue-black-matt-pc-steel-c-17cm-125672204294,11999 NOK,83cm,208cm,89cm,56cm,199cm,46cm,"Black Matt PC Steel, C, 17cm",125672204294,n,17,,208
44,sofacompany,Astha,https://no.sofacompany.com/media/catalog/product/cache/45033f42b5acfa54f2575f22eea402cc/1/2/125673134100_astha_2seater_chaise_1760x880grey_v1.jpg,,https://no.sofacompany.com/astha-chaise-longue-sofa-velour-matt-dark-grey-brass-metal-c-17-cm-125673134100,10499 NOK,83cm,208cm,89cm,56cm,199cm,46cm,"Brass Metal, C, 17 cm",125673134100,n,17,,208
45,sofacompany,Astha,https://no.sofacompany.com/media/catalog/product/cache/45033f42b5acfa54f2575f22eea402cc/1/2/125673202208_astha_2seater_chaise_1760x880grey_v1_2.jpg,,https://no.sofacompany.com/astha-chaise-longue-sofa-agnes-brown-oak-soap-b-17-cm-125673202208,11999 NOK,83cm,208cm,89cm,56cm,199cm,46cm,"Oak Soap, B, 17 cm",125673202208,n,17,,208
46,sofacompany,Astha,https://no.sofacompany.com/media/catalog/product/cache/45033f42b5acfa54f2575f22eea402cc/1/2/125673204294_astha_chaise_1760x880grey_v1.jpg,,https://no.sofacompany.com/astha-chaise-longue-sofa-sorrento-steel-blue-black-matt-pc-steel-c-17cm-125673204294,11999 NOK,83cm,208cm,89cm,56cm,199cm,46cm,"Black Matt PC Steel, C, 17cm",125673204294,n,17,,208
47,sofacompany,Harper,https://no.sofacompany.com/media/catalog/product/cache/45033f42b5acfa54f2575f22eea402cc/1/3/136709136026_Front_1.jpg,,https://no.sofacompany.com/harper-chaise-longue-sofa-velour-lux-dark-green-walnut-stained-b-19-cm-136709136026,12499 NOK,86cm,248cm,91cm,56cm,196cm,47cm,"Walnut Stained, B, 19 cm",136709136026,n,19,,248
48,sofacompany,Dane,https://no.sofacompany.com/media/catalog/product/cache/45033f42b5acfa54f2575f22eea402cc/1/9/19841302192184_dane_corner_1760x880grey_v2_2_fliped_1.jpg,,https://no.sofacompany.com/dane-modular-sofa-sorrento-dark-plum-black-e-3-cm-19841310192184,4999 NOK,71cm,95cm,95cm,67cm,67cm,42cm,"Black, E, 3 cm",19841310192184,n,3,,95
49,sofacompany,Dane,https://no.sofacompany.com/media/catalog/product/cache/45033f42b5acfa54f2575f22eea402cc/1/9/19841302194184_dane_corner_1760x880grey_v3_fliped_1.jpg,,https://no.sofacompany.com/dane-modular-sofa-velour-matt-amber-black-e-3-cm-19841310194184,4999 NOK,71cm,95cm,95cm,67cm,67cm,42cm,"Black, E, 3 cm",19841310194184,n,3,,95
50,sofacompany,Harper,https://no.sofacompany.com/media/catalog/product/cache/45033f42b5acfa54f2575f22eea402cc/1/3/136710136026_Front_1.jpg,,https://no.sofacompany.com/harper-chaise-longue-sofa-velour-lux-dark-green-walnut-stained-b-19-cm-136710136026,12499 NOK,86cm,248cm,91cm,56cm,196cm,47cm,"Walnut Stained, B, 19 cm",136710136026,n,19,,248
51,sofacompany,Dane,https://no.sofacompany.com/media/catalog/product/cache/45033f42b5acfa54f2575f22eea402cc/1/9/19841302192184_dane_corner_1760x880grey_v2_1_1.jpg,,https://no.sofacompany.com/dane-modular-sofa-sorrento-dark-plum-black-e-3-cm-19841311192184,4999 NOK,71cm,95cm,95cm,67cm,67cm,42cm,"Black, E, 3 cm",19841311192184,n,3,,95
52,sofacompany,Dane,https://no.sofacompany.com/media/catalog/product/cache/45033f42b5acfa54f2575f22eea402cc/1/9/19841302194184_dane_corner_1760x880grey_v3_3.jpg,,https://no.sofacompany.com/dane-modular-sofa-velour-matt-amber-black-e-3-cm-19841311194184,4999 NOK,71cm,95cm,95cm,67cm,67cm,42cm,"Black, E, 3 cm",19841311194184,n,3,,95
53,sofacompany,Dane,https://no.sofacompany.com/media/catalog/product/cache/45033f42b5acfa54f2575f22eea402cc/1/9/19841302206184_dane_corner_1760x880grey_v3_fliped_1.jpg,,https://no.sofacompany.com/dane-modular-sofa-mosso-steel-grey-black-e-3-cm-19841310206184,4999 NOK,71cm,95cm,95cm,67cm,67cm,42cm,"Black, E, 3 cm",19841310206184,n,3,,95
54,sofacompany,Dane,https://no.sofacompany.com/media/catalog/product/cache/45033f42b5acfa54f2575f22eea402cc/1/9/19841302206184_dane_corner_1760x880grey_v3_3.jpg,,https://no.sofacompany.com/dane-modular-sofa-mosso-steel-grey-black-e-3-cm-19841311206184,4999 NOK,71cm,95cm,95cm,67cm,67cm,42cm,"Black, E, 3 cm",19841311206184,n,3,,95
55,sofacompany,Astha,https://no.sofacompany.com/media/catalog/product/cache/45033f42b5acfa54f2575f22eea402cc/1/2/125603134100_Front_1.jpg,,https://no.sofacompany.com/astha-3-seater-sofa-velour-matt-dark-grey-brass-metal-c-17-cm-125603134100,8999 NOK,83cm,218cm,89cm,56cm,198cm,46cm,"Brass Metal, C, 17 cm",125603134100,n,17,,218
56,sofacompany,Vilmar,https://no.sofacompany.com/media/catalog/product/cache/45033f42b5acfa54f2575f22eea402cc/1/4/140809153008_Front_1.jpg,,https://no.sofacompany.com/vilmar-chaise-longue-sofa-talent-cool-grey-smoked-oak-e-17-cm-140809153008,13999 NOK,85cm,256cm,98cm,61cm,232cm,46cm,"Smoked Oak, E, 17 cm",140809153008,n,17,163.0,256
57,sofacompany,Astha,https://no.sofacompany.com/media/catalog/product/cache/45033f42b5acfa54f2575f22eea402cc/1/2/125603194294_astha_3seater_1760x880grey_v1.jpg,,https://no.sofacompany.com/astha-3-seater-sofa-velour-matt-amber-black-matt-pc-steel-c-17cm-125603194294,8999 NOK,83cm,218cm,89cm,56cm,198cm,46cm,"Black Matt PC Steel, C, 17cm",125603194294,n,17,,218
58,sofacompany,Vilmar,https://no.sofacompany.com/media/catalog/product/cache/45033f42b5acfa54f2575f22eea402cc/1/4/140809166008_Front_1.jpg,,https://no.sofacompany.com/vilmar-chaise-longue-sofa-velour-lux-navy-smoked-oak-e-17-cm-140809166008,13999 NOK,85cm,256cm,98cm,61cm,232cm,46cm,"Smoked Oak, E, 17 cm",140809166008,n,17,163.0,256
59,sofacompany,Astha,https://no.sofacompany.com/media/catalog/product/cache/45033f42b5acfa54f2575f22eea402cc/1/2/125603202208_astha_3seater_1760x880grey_v1.jpg,,https://no.sofacompany.com/astha-3-seater-sofa-agnes-brown-oak-soap-b-17-cm-125603202208,8999 NOK,83cm,218cm,89cm,56cm,198cm,46cm,"Oak Soap, B, 17 cm",125603202208,n,17,,218
60,sofacompany,Vilmar,https://no.sofacompany.com/media/catalog/product/cache/45033f42b5acfa54f2575f22eea402cc/1/4/140809184163_Front_2.jpg,,https://no.sofacompany.com/vilmar-chaise-longue-sofa-olena-antracit-oak-soap-e-17-cm-140809184163,13999 NOK,85cm,256cm,98cm,61cm,232cm,46cm,"Oak Soap, E, 17 cm ",140809184163,n,,163.0,256
61,sofacompany,Astha,https://no.sofacompany.com/media/catalog/product/cache/45033f42b5acfa54f2575f22eea402cc/1/2/125603204294_astha_3seater_1760x880grey_v1_1.jpg,,https://no.sofacompany.com/astha-3-seater-sofa-sorrento-steel-blue-black-matt-pc-steel-c-17cm-125603204294,8999 NOK,83cm,218cm,89cm,56cm,198cm,46cm,"Black Matt PC Steel, C, 17cm",125603204294,n,17,,218
62,sofacompany,Vilmar,https://no.sofacompany.com/media/catalog/product/cache/45033f42b5acfa54f2575f22eea402cc/1/4/140810153008_Front_1.jpg,,https://no.sofacompany.com/vilmar-chaise-longue-sofa-talent-cool-grey-smoked-oak-e-17-cm-140810153008,13999 NOK,85cm,256cm,98cm,61cm,232cm,46cm,"Smoked Oak, E, 17 cm",140810153008,n,17,163.0,256
63,sofacompany,Vilmar,https://no.sofacompany.com/media/catalog/product/cache/45033f42b5acfa54f2575f22eea402cc/1/4/140810166008_Front_1.jpg,,https://no.sofacompany.com/vilmar-chaise-longue-sofa-velour-lux-navy-smoked-oak-e-17-cm-140810166008,13999 NOK,85cm,256cm,98cm,61cm,232cm,46cm,"Smoked Oak, E, 17 cm",140810166008,n,17,163.0,256
64,sofacompany,Vilmar,https://no.sofacompany.com/media/catalog/product/cache/45033f42b5acfa54f2575f22eea402cc/1/4/140810184163_Angle_1.jpg,,https://no.sofacompany.com/vilmar-chaise-longue-sofa-olena-antracit-oak-soap-e-17-cm-140810184163,13999 NOK,85cm,256cm,98cm,61cm,232cm,46cm,"Oak Soap, E, 17 cm ",140810184163,n,,163.0,256
65,sofacompany,Astha,https://no.sofacompany.com/media/catalog/product/cache/45033f42b5acfa54f2575f22eea402cc/1/2/125602204294_astha_2seater_1760x880grey_v1.jpg,,https://no.sofacompany.com/astha-2-seater-sofa-sorrento-steel-blue-black-matt-pc-steel-c-17cm-125602204294,7599 NOK,83cm,175cm,89cm,56cm,158cm,46cm,"Black Matt PC Steel, C, 17cm",125602204294,n,17,,175
66,sofacompany,Astha,https://no.sofacompany.com/media/catalog/product/cache/45033f42b5acfa54f2575f22eea402cc/1/2/125602221294_astha_2seater_1760x880grey_v1.jpg,,https://no.sofacompany.com/astha-2-seater-sofa-danny-steel-grey-black-matt-pc-steel-c-17cm-125602221294,7599 NOK,83cm,175cm,89cm,56cm,158cm,46cm,"Black Matt PC Steel, C, 17cm",125602221294,n,17,,175
67,sofacompany,Astha,https://no.sofacompany.com/media/catalog/product/cache/45033f42b5acfa54f2575f22eea402cc/1/2/125602236294_astha_2seater_1760x880grey_v1.jpg,,https://no.sofacompany.com/astha-2-seater-sofa-cura-dark-green-black-matt-pc-steel-c-17cm-125602236294,7599 NOK,83cm,175cm,89cm,56cm,158cm,46cm,"Black Matt PC Steel, C, 17cm",125602236294,n,17,,175
68,sofacompany,Harper,https://no.sofacompany.com/media/catalog/product/cache/45033f42b5acfa54f2575f22eea402cc/1/3/136703136026_Front_1.jpg,,https://no.sofacompany.com/harper-3-seater-sofa-velour-lux-dark-green-walnut-stained-b-19-cm-136703136026,8999 NOK,86cm,207cm,91cm,56cm,186cm,47cm,"Walnut Stained, B, 19 cm",136703136026,n,19,,207
69,sofacompany,Astha,https://no.sofacompany.com/media/catalog/product/cache/45033f42b5acfa54f2575f22eea402cc/1/2/125602134100_astha_2seater_1760x880grey_v1_1.jpg,,https://no.sofacompany.com/astha-2-seater-sofa-velour-matt-dark-grey-brass-metal-c-17-cm-125602134100,7599 NOK,83cm,175cm,89cm,56cm,158cm,46cm,"Brass Metal, C, 17 cm",125602134100,n,17,,175
70,sofacompany,Vilmar,https://no.sofacompany.com/media/catalog/product/cache/45033f42b5acfa54f2575f22eea402cc/1/4/140803153008_Front_1.jpg,,https://no.sofacompany.com/vilmar-3-seater-sofa-talent-cool-grey-smoked-oak-e-17-cm-140803153008,9999 NOK,85cm,224cm,98cm,66cm,180cm,46cm,"Smoked Oak, E, 17 cm",140803153008,n,17,163.0,224
71,sofacompany,Nelson,https://no.sofacompany.com/media/catalog/product/cache/45033f42b5acfa54f2575f22eea402cc/1/5/150307244234_nelson_cornerleft_1760x880grey_v1.jpg,,https://no.sofacompany.com/nelson-cornersofa-planet-legion-blue-walnut-natural-b-16-cm-150307244234,14999 NOK,81cm,264cm,93cm,56cm,227cm,44cm,"Walnut Natural, B, 16 cm",150307244234,n,16,198.0,264
72,sofacompany,Nelson,https://no.sofacompany.com/media/catalog/product/cache/45033f42b5acfa54f2575f22eea402cc/1/5/150308244234_nelson_cornerright_1760x880grey_v1.jpg,,https://no.sofacompany.com/nelson-cornersofa-planet-legion-blue-walnut-natural-b-16-cm-150308244234,14999 NOK,81cm,264cm,93cm,56cm,227cm,44cm,"Walnut Natural, B, 16 cm",150308244234,n,16,198.0,264
73,sofacompany,Flora,https://no.sofacompany.com/media/catalog/product/cache/45033f42b5acfa54f2575f22eea402cc/1/9/192702209297_flora_2seater_1760x880grey_v1.jpg,,https://no.sofacompany.com/flora-2-seater-sofa-danny-amber-black-metal-e-24-and-26-cm-192702209297,6999 NOK,80cm,153cm,78cm,53cm,129cm,44cm,"Black Metal, E, 24 and 26 cm",192702209297,n,26,,153
74,sofacompany,Holm,https://no.sofacompany.com/media/catalog/product/cache/45033f42b5acfa54f2575f22eea402cc/1/5/150003134115_Front_1.jpg,,https://no.sofacompany.com/holm-3-seater-sofa-velour-matt-dark-grey-walnut-stained-e-24-cm-150003134115,7999 NOK,75cm,203cm,83cm,60cm,173cm,46cm,"Walnut Stained, E, 24 cm",150003134115,n,24,,203
75,sofacompany,Holm,https://no.sofacompany.com/media/catalog/product/cache/45033f42b5acfa54f2575f22eea402cc/1/5/150003151230_holm_3seater_1760x880grey_v1.jpg,,https://no.sofacompany.com/holm-3-seater-sofa-velour-lux-rosa-walnut-natural-e-24-cm-150003151230,7999 NOK,75cm,203cm,83cm,60cm,173cm,46cm,"Walnut Natural, E, 24 cm",150003151230,n,24,,203
76,sofacompany,Astha,https://no.sofacompany.com/media/catalog/product/cache/45033f42b5acfa54f2575f22eea402cc/1/2/125602202208_astha_2seater_1760x880grey_v1.jpg,,https://no.sofacompany.com/astha-2-seater-sofa-agnes-brown-oak-soap-b-17-cm-125602202208,7599 NOK,83cm,175cm,89cm,56cm,158cm,46cm,"Oak Soap, B, 17 cm",125602202208,n,17,,175
77,sofacompany,Evelyn,https://no.sofacompany.com/media/catalog/product/cache/45033f42b5acfa54f2575f22eea402cc/2/0/206124228229227320_evelyn_daybed_1760x880grey_v1.jpg,,https://no.sofacompany.com/evelyn-daybed-bench-elliot-light-grey-oak-f-24-cm-206124228229227320,6499 NOK,75cm,207cm,81cm,57cm,183cm,43cm,"Oak, F, 24 cm",206124228229227320,n,24,,207
78,sofacompany,Rem,https://no.sofacompany.com/media/catalog/product/cache/45033f42b5acfa54f2575f22eea402cc/0/0/001_1096_g.jpg,,https://no.sofacompany.com/rem-daybed-bench-elliot-light-grey-black-metal-e-18-cm-133905228141,11999 NOK,74cm,205cm,108cm,79cm,190cm,39cm,"Black Metal, E, 18 cm",133905228141,n,18,,205
79,sofacompany,Sigrid,https://no.sofacompany.com/media/catalog/product/cache/45033f42b5acfa54f2575f22eea402cc/1/6/161503059130_Front_1.jpg,,https://no.sofacompany.com/sigrid-3-seater-sofa-vega-sand-dune-walnut-natural-a-22-cm-161503059130,8499 NOK,84cm,212cm,91cm,57cm,182cm,48cm,"Walnut Natural, A, 22 cm",161503059130,n,22,,212
80,sofacompany,Sigrid,https://no.sofacompany.com/media/catalog/product/cache/45033f42b5acfa54f2575f22eea402cc/1/6/161503166022_Front_2.jpg,,https://no.sofacompany.com/sigrid-3-seater-sofa-velour-lux-navy-walnut-stained-a-22-cm-161503166022,8499 NOK,84cm,212cm,91cm,57cm,182cm,48cm,"Walnut Stained, A, 22 cm",161503166022,n,22,,212
81,sofacompany,Vincent,https://no.sofacompany.com/media/catalog/product/cache/45033f42b5acfa54f2575f22eea402cc/2/2/22301301164301_vincent_1seatercenter_1760x880grey_v1.jpg,,https://no.sofacompany.com/vincent-modular-sofa-velour-matt-beige-black-metal-e-14-cm-22301301164301,5499 NOK,77cm,104cm,97cm,64cm,104cm,46cm,"Black Metal, E, 14 cm",22301301164301,n,14,,104
82,sofacompany,Vincent,https://no.sofacompany.com/media/catalog/product/cache/45033f42b5acfa54f2575f22eea402cc/2/2/22301306164301_vincent_1seater_armleft_1760x880grey_v1.jpg,,https://no.sofacompany.com/vincent-modular-sofa-velour-matt-beige-black-metal-e-14-cm-22301306164301,6499 NOK,77cm,110cm,97cm,64cm,89cm,46cm,"Black Metal, E, 14 cm",22301306164301,n,14,,110
83,sofacompany,Vincent,https://no.sofacompany.com/media/catalog/product/cache/45033f42b5acfa54f2575f22eea402cc/2/2/22301307164301_vincent_1seaterarmright_1760x880grey_v1.jpg,,https://no.sofacompany.com/vincent-modular-sofa-velour-matt-beige-black-metal-e-14-cm-22301307164301,6499 NOK,77cm,110cm,97cm,64cm,89cm,46cm,"Black Metal, E, 14 cm",22301307164301,n,14,,110
84,sofacompany,Vincent,https://no.sofacompany.com/media/catalog/product/cache/45033f42b5acfa54f2575f22eea402cc/2/2/22301308164301_vincent_chaiseleft_1760x880grey_v1_1.jpg,,https://no.sofacompany.com/vincent-modular-sofa-velour-matt-beige-black-metal-e-14-cm-22301308164301,8999 NOK,77cm,112cm,180cm,148cm,112cm,46cm,"Black Metal, E, 14 cm",22301308164301,n,14,,112
85,sofacompany,Vincent,https://no.sofacompany.com/media/catalog/product/cache/45033f42b5acfa54f2575f22eea402cc/2/2/22301309164301_vincent_chaiseright_1760x880grey_v1.jpg,,https://no.sofacompany.com/vincent-modular-sofa-velour-matt-beige-black-metal-e-14-cm-22301309164301,8999 NOK,77cm,112cm,180cm,148cm,112cm,46cm,"Black Metal, E, 14 cm",22301309164301,n,14,,112
86,sofacompany,Vilmar,https://no.sofacompany.com/media/catalog/product/cache/45033f42b5acfa54f2575f22eea402cc/1/4/140809136117_vilmar_3s_chaise_left_1760x880grey_v1.jpg,,https://no.sofacompany.com/vilmar-chaise-longue-sofa-velour-lux-dark-green-oak-e-17-cm-140809136117,13999 NOK,85cm,256cm,98cm,61cm,232cm,46cm,"Oak, E, 17 cm",140809136117,n,17,163.0,256
87,sofacompany,Floyd,https://no.sofacompany.com/media/catalog/product/cache/45033f42b5acfa54f2575f22eea402cc/1/6/162503164170_Front_1.jpg,,https://no.sofacompany.com/floyd-3-seater-sofa-velour-matt-beige-smoked-oak-b-20-cm-162503164170,9499 NOK,81cm,213cm,86cm,58cm,192cm,46cm,"Smoked Oak, B, 20 cm",162503164170,n,20,,213
88,sofacompany,Floyd,https://no.sofacompany.com/media/catalog/product/cache/45033f42b5acfa54f2575f22eea402cc/1/6/162503168220_floyd_3seater_1760x880grey_v1.jpg,,https://no.sofacompany.com/floyd-3-seater-sofa-velour-matt-steel-grey-oak-soap-b-20-cm-162503168220,7999 NOK,81cm,213cm,86cm,58cm,192cm,46cm,"Oak Soap, B, 20 cm",162503168220,n,20,,213
89,sofacompany,Vilmar,https://no.sofacompany.com/media/catalog/product/cache/45033f42b5acfa54f2575f22eea402cc/1/4/140810136117_vilmar_3s_chaise_right_1760x880grey_v1.jpg,,https://no.sofacompany.com/vilmar-chaise-longue-sofa-velour-lux-dark-green-oak-e-17-cm-140810136117,13999 NOK,85cm,256cm,98cm,61cm,232cm,46cm,"Oak, E, 17 cm",140810136117,n,17,163.0,256
90,sofacompany,Conrad,https://no.sofacompany.com/media/catalog/product/cache/45033f42b5acfa54f2575f22eea402cc/2/4/240507166315_conrad_corner_sofa_left_1760x880grey_v1.jpg,,https://no.sofacompany.com/conrad-cornersofa-velour-lux-navy-walnut-natural-f-15-cm-240507166315,13499 NOK,78cm,232cm,92cm,61cm,188cm,45cm,"Walnut Natural, F, 15 cm",240507166315,n,15,,232
91,sofacompany,Conrad,https://no.sofacompany.com/media/catalog/product/cache/45033f42b5acfa54f2575f22eea402cc/2/4/240507177317_conrad_corner_sofa_left_1760x880grey_v1.jpg,,https://no.sofacompany.com/conrad-cornersofa-olena-light-grey-oak-soap-f-15-cm-240507177317,13499 NOK,78cm,232cm,92cm,61cm,188cm,45cm,"Oak Soap, F, 15 cm",240507177317,n,15,,232
92,sofacompany,Conrad,https://no.sofacompany.com/media/catalog/product/cache/45033f42b5acfa54f2575f22eea402cc/2/4/240507193316_conrad_corner_sofa_left_1760x880grey_v1.jpg,,https://no.sofacompany.com/conrad-cornersofa-vega-dusty-blue-oak-f-15-cm-240507193316,13499 NOK,78cm,232cm,92cm,61cm,188cm,45cm,"Oak, F, 15 cm",240507193316,n,15,,232
93,sofacompany,Conrad,https://no.sofacompany.com/media/catalog/product/cache/45033f42b5acfa54f2575f22eea402cc/2/4/240508166315_conrad_corner_sofa_right_1760x880grey_v1.jpg,,https://no.sofacompany.com/conrad-cornersofa-velour-lux-navy-walnut-natural-f-15-cm-240508166315,13499 NOK,78cm,232cm,92cm,61cm,188cm,45cm,"Walnut Natural, F, 15 cm",240508166315,n,15,,232
94,sofacompany,Conrad,https://no.sofacompany.com/media/catalog/product/cache/45033f42b5acfa54f2575f22eea402cc/2/4/240508177317_conrad_corner_sofa_right_1760x880grey_v2.jpg,,https://no.sofacompany.com/conrad-cornersofa-olena-light-grey-oak-soap-f-15-cm-240508177317,13499 NOK,78cm,232cm,92cm,61cm,188cm,45cm,"Oak Soap, F, 15 cm",240508177317,n,15,,232
95,sofacompany,Conrad,https://no.sofacompany.com/media/catalog/product/cache/45033f42b5acfa54f2575f22eea402cc/2/4/240508193316_conrad_corner_sofa_right_1760x880grey_v1.jpg,,https://no.sofacompany.com/conrad-cornersofa-vega-dusty-blue-oak-f-15-cm-240508193316,13499 NOK,78cm,232cm,92cm,61cm,188cm,45cm,"Oak, F, 15 cm",240508193316,n,15,,232
96,sofacompany,Alfred ,https://no.sofacompany.com/media/catalog/product/cache/45033f42b5acfa54f2575f22eea402cc/2/3/23321303166141_alfred_2seatercorner_left_1760x880grey_v1_1.jpg,,https://no.sofacompany.com/alfred-modular-sofa-danny-dusty-rose-black-metal-e-18-cm-23321303210141,4999 NOK,76cm,147cm,84cm,63cm,126cm,44cm,"Black Metal, E, 18 cm",23321303210141,n,18,,147
97,sofacompany,Alfred ,https://no.sofacompany.com/media/catalog/product/cache/45033f42b5acfa54f2575f22eea402cc/2/3/23321304166141_alfred_2seatercorner_right_1760x880grey_v1_1.jpg,,https://no.sofacompany.com/alfred-modular-sofa-danny-dusty-rose-black-metal-e-18-cm-23321304210141,4999 NOK,76cm,147cm,84cm,63cm,126cm,44cm,"Black Metal, E, 18 cm",23321304210141,n,18,,147
98,sofacompany,Alfred ,https://no.sofacompany.com/media/catalog/product/cache/45033f42b5acfa54f2575f22eea402cc/2/3/23321305166141_alfred_footrest_1760x880grey_v1_1.jpg,,https://no.sofacompany.com/alfred-modular-sofa-danny-dusty-rose-black-metal-e-18-cm-23321305210141,2299 NOK,44cm,77cm,77cm,77cm,77cm,44cm,"Black Metal, E, 18 cm",23321305210141,n,18,,77
99,sofacompany,Alfred ,https://no.sofacompany.com/media/catalog/product/cache/45033f42b5acfa54f2575f22eea402cc/2/3/23321310166141_alfred_1seatercornerleft_1760x880grey_v1_1.jpg,,https://no.sofacompany.com/alfred-modular-sofa-danny-dusty-rose-black-metal-e-18-cm-23321310210141,3499 NOK,76cm,83cm,83cm,63cm,63cm,44cm,"Black Metal, E, 18 cm",23321310210141,n,18,,83
100,sofacompany,Alfred ,https://no.sofacompany.com/media/catalog/product/cache/45033f42b5acfa54f2575f22eea402cc/2/3/23321311166141_alfred_1seatercorner_right_1760x880grey_v1_1.jpg,,https://no.sofacompany.com/alfred-modular-sofa-danny-dusty-rose-black-metal-e-18-cm-23321311210141,3499 NOK,76cm,83cm,83cm,63cm,63cm,44cm,"Black Metal, E, 18 cm",23321311210141,n,18,,83
101,sofacompany,Ellis,https://no.sofacompany.com/media/catalog/product/cache/45033f42b5acfa54f2575f22eea402cc/2/3/23811314209301_ellis_corner_arm_movable_1760x880grey_v1.jpg,,https://no.sofacompany.com/ellis-modular-sofa-danny-amber-black-metal-e-14-cm-23811314209301,4999 NOK,81cm,94cm,94cm,66cm,83cm,43cm,"Black Metal, E, 14 cm",23811314209301,n,14,,94
102,sofacompany,Ellis,https://no.sofacompany.com/media/catalog/product/cache/45033f42b5acfa54f2575f22eea402cc/2/3/23811315209301_ellis_1-seater_arm_movable_1760x880grey_v1_1.jpg,,https://no.sofacompany.com/ellis-modular-sofa-danny-amber-black-metal-e-14-cm-23811315209301,4499 NOK,81cm,105cm,94cm,66cm,94cm,43cm,"Black Metal, E, 14 cm",23811315209301,n,14,,105
103,sofacompany,Ellis,https://no.sofacompany.com/media/catalog/product/cache/45033f42b5acfa54f2575f22eea402cc/2/3/23811316209301_ellis_chaise_arm_movable_1760x880grey_v3.jpg,,https://no.sofacompany.com/ellis-modular-sofa-danny-amber-black-metal-e-14-cm-23811316209301,5999 NOK,81cm,105cm,138cm,109cm,94cm,43cm,"Black Metal, E, 14 cm",23811316209301,n,14,,105
104,sofacompany,Herman,https://no.sofacompany.com/media/catalog/product/cache/45033f42b5acfa54f2575f22eea402cc/2/4/240002124123_herman_2seater_1760x880grey_v1_1.jpg,,https://no.sofacompany.com/herman-2-seater-sofa-sunday-curry-oak-soap-a-20-cm-240002124123,5499 NOK,80cm,132cm,77cm,51cm,100cm,46cm,"Oak Soap, A, 20 cm",240002124123,n,20,,132
105,sofacompany,Astha,https://no.sofacompany.com/media/catalog/product/cache/45033f42b5acfa54f2575f22eea402cc/1/2/125602243294_astha_3seater_1760x880grey_v1.jpg,,https://no.sofacompany.com/astha-2-seater-sofa-planet-navy-black-matt-pc-steel-c-17cm-125602243294,7599 NOK,83cm,175cm,89cm,56cm,158cm,46cm,"Black Matt PC Steel, C, 17cm",125602243294,n,17,,175
106,sofacompany,Herman,https://no.sofacompany.com/media/catalog/product/cache/45033f42b5acfa54f2575f22eea402cc/2/4/240002228123_herman_2seater_1760x880grey_v1.jpg,,https://no.sofacompany.com/herman-2-seater-sofa-elliot-light-grey-oak-soap-a-20-cm-240002228123,5499 NOK,80cm,132cm,77cm,51cm,100cm,46cm,"Oak Soap, A, 20 cm",240002228123,n,20,,132
107,sofacompany,Ellis,https://no.sofacompany.com/media/catalog/product/cache/45033f42b5acfa54f2575f22eea402cc/2/3/23811301209301_ellis_1_seater_1760x880grey_v1.jpg,,https://no.sofacompany.com/ellis-modular-sofa-danny-amber-black-metal-e-14-cm-23811301209301,3999 NOK,81cm,94cm,94cm,66cm,94cm,43cm,"Black Metal, E, 14 cm",23811301209301,n,14,,94
108,sofacompany,Ellis,https://no.sofacompany.com/media/catalog/product/cache/45033f42b5acfa54f2575f22eea402cc/2/3/23811305209301_ellis_footrest_1760x880grey_v1.jpg,,https://no.sofacompany.com/ellis-modular-sofa-danny-amber-black-metal-e-14-cm-23811305209301,1799 NOK,43cm,57cm,94cm,,,,"Black Metal, E, 14 cm",23811305209301,n,14,,57
109,sofacompany,Hadley,https://no.sofacompany.com/media/catalog/product/cache/45033f42b5acfa54f2575f22eea402cc/1/7/173323098271_hadley_daybed_left_1760x880grey_v1.jpg,,https://no.sofacompany.com/hadley-daybed-bench-fabio-stone-walnut-natural-e-24-cm-173323098271,8499 NOK,80cm,209cm,83cm,58cm,162cm,42cm,"Walnut Natural, E, 24 cm",173323098271,n,24,,209
110,sofacompany,Hadley,https://no.sofacompany.com/media/catalog/product/cache/45033f42b5acfa54f2575f22eea402cc/1/7/173324098271_hadley_daybed_right_1760x880grey_v1.jpg,,https://no.sofacompany.com/hadley-daybed-bench-fabio-stone-walnut-natural-e-24-cm-173324098271,8499 NOK,80cm,209cm,83cm,58cm,162cm,42cm,"Walnut Natural, E, 24 cm",173324098271,n,24,,209
111,sofacompany,Alfred ,https://no.sofacompany.com/media/catalog/product/cache/45033f42b5acfa54f2575f22eea402cc/2/3/23321303171010_alfred_module_2_seater_left_1760x880grey_v1.jpg,,https://no.sofacompany.com/alfred-modular-sofa-olena-aqua-oak-a-17-cm-23321303171010,4999 NOK,76cm,147cm,84cm,63cm,126cm,44cm,"Oak, A, 17 cm",23321303171010,n,17,,147
112,sofacompany,Alfred ,https://no.sofacompany.com/media/catalog/product/cache/45033f42b5acfa54f2575f22eea402cc/2/3/23321304171010_alfred_module_2_seater_right_1760x880grey_v1.jpg,,https://no.sofacompany.com/alfred-modular-sofa-olena-aqua-oak-a-17-cm-23321304171010,4999 NOK,76cm,147cm,84cm,63cm,126cm,44cm,"Oak, A, 17 cm",23321304171010,n,17,,147
113,sofacompany,Alfred ,https://no.sofacompany.com/media/catalog/product/cache/45033f42b5acfa54f2575f22eea402cc/2/3/23321305171010_alfred_module_footrest_1760x880grey_v1.jpg,,https://no.sofacompany.com/alfred-modular-sofa-olena-aqua-oak-a-17-cm-23321305171010,2299 NOK,44cm,77cm,77cm,77cm,77cm,44cm,"Oak, A, 17 cm",23321305171010,n,17,,77
114,sofacompany,Alfred ,https://no.sofacompany.com/media/catalog/product/cache/45033f42b5acfa54f2575f22eea402cc/2/3/23321310171010_alfred_module_corner_left_1760x880grey_v1.jpg,,https://no.sofacompany.com/alfred-modular-sofa-olena-aqua-oak-a-17-cm-23321310171010,3499 NOK,76cm,83cm,83cm,63cm,63cm,44cm,"Oak, A, 17 cm",23321310171010,n,17,,83
115,sofacompany,Alfred ,https://no.sofacompany.com/media/catalog/product/cache/45033f42b5acfa54f2575f22eea402cc/2/3/23321311171010_alfred_module_corner_right_1760x880grey_v1.jpg,,https://no.sofacompany.com/alfred-modular-sofa-olena-aqua-oak-a-17-cm-23321311171010,3499 NOK,76cm,83cm,83cm,63cm,63cm,44cm,"Oak, A, 17 cm",23321311171010,n,17,,83
116,sofacompany,Astha,https://no.sofacompany.com/media/catalog/product/cache/45033f42b5acfa54f2575f22eea402cc/1/2/125609221294_astha_chaise_left_1760x880grey_v1.jpg,,https://no.sofacompany.com/astha-chaise-longue-sofa-danny-steel-grey-black-matt-pc-steel-c-17cm-125609221294,13999 NOK,83cm,300cm,89cm,56cm,292cm,46cm,"Black Matt PC Steel, C, 17cm",125609221294,n,17,,300
117,sofacompany,Astha,https://no.sofacompany.com/media/catalog/product/cache/45033f42b5acfa54f2575f22eea402cc/1/2/125610221294_astha_chaiseright_1760x880grey_v1.jpg,,https://no.sofacompany.com/astha-chaise-longue-sofa-danny-steel-grey-black-matt-pc-steel-c-17cm-125610221294,13999 NOK,83cm,300cm,89cm,56cm,292cm,46cm,"Black Matt PC Steel, C, 17cm",125610221294,n,17,,300
118,sofacompany,Astha,https://no.sofacompany.com/media/catalog/product/cache/45033f42b5acfa54f2575f22eea402cc/1/2/125672221294_astha_chaiselong_sofa_right_2seater_1760x880grey_v1.jpg,,https://no.sofacompany.com/astha-chaise-longue-sofa-danny-steel-grey-black-matt-pc-steel-c-17cm-125672221294,11999 NOK,83cm,208cm,89cm,56cm,199cm,46cm,"Black Matt PC Steel, C, 17cm",125672221294,n,17,,208
119,sofacompany,Astha,https://no.sofacompany.com/media/catalog/product/cache/45033f42b5acfa54f2575f22eea402cc/1/2/125673221294_astha_chaiselong_sofa_left_2seater_1760x880grey_v1.jpg,,https://no.sofacompany.com/astha-chaise-longue-sofa-danny-steel-grey-black-matt-pc-steel-c-17cm-125673221294,11999 NOK,83cm,208cm,89cm,56cm,199cm,46cm,"Black Matt PC Steel, C, 17cm",125673221294,n,17,,208
120,sofacompany,Elinor,https://no.sofacompany.com/media/catalog/product/cache/45033f42b5acfa54f2575f22eea402cc/2/0/206703202306_elinor_3seater_1760x880grey_v1.jpg,,https://no.sofacompany.com/elinor-3-seater-sofa-agnes-brown-walnut-natural-e-13-cm-206703202306,8999 NOK,80cm,211cm,85cm,52cm,180cm,44cm,"Walnut Natural, E, 13 cm",206703202306,n,13,,211
121,sofacompany,Easton,https://no.sofacompany.com/media/catalog/product/cache/45033f42b5acfa54f2575f22eea402cc/2/0/204509221315_easton_chaiselong_1760x880grey_v1.jpg,,https://no.sofacompany.com/easton-chaise-longue-sofa-danny-steel-grey-walnut-natural-f-15-cm-204509221315,14999 NOK,72cm,319cm,94cm,66cm,299cm,45cm,"Walnut Natural, F, 15 cm",204509221315,n,15,,319
122,sofacompany,Easton,https://no.sofacompany.com/media/catalog/product/cache/45033f42b5acfa54f2575f22eea402cc/2/0/204510221315_easton_chaiselong_1760x880grey_v1.jpg,,https://no.sofacompany.com/easton-chaise-longue-sofa-danny-steel-grey-walnut-natural-f-15-cm-204510221315,14999 NOK,72cm,319cm,94cm,66cm,299cm,45cm,"Walnut Natural, F, 15 cm",204510221315,n,15,,319
123,sofacompany,Elinor,https://no.sofacompany.com/media/catalog/product/cache/45033f42b5acfa54f2575f22eea402cc/2/0/206703210306_elinor_3seater_1760x880grey_v1.jpg,,https://no.sofacompany.com/elinor-3-seater-sofa-danny-dusty-rose-walnut-natural-e-13-cm-206703210306,8999 NOK,80cm,211cm,85cm,52cm,180cm,44cm,"Walnut Natural, E, 13 cm",206703210306,n,13,,211
124,sofacompany,Johan,https://no.sofacompany.com/media/catalog/product/cache/45033f42b5acfa54f2575f22eea402cc/0/7/074803234231_johan_3seater_1760x880grey_v1.jpg,,https://no.sofacompany.com/johan-3-seater-sofa-elliot-army-walnut-natural-e-17-cm-074803234231,9999 NOK,82cm,202cm,93cm,59cm,178cm,43cm,"Walnut Natural, E, 17 cm",074803234231,n,17,,202
125,sofacompany,Bungalow,https://no.sofacompany.com/media/catalog/product/cache/45033f42b5acfa54f2575f22eea402cc/8/4/84803218207_bungalow_3seater_1760x880grey_v1.jpg,,https://no.sofacompany.com/bungalow-3-seater-sofa-danny-dusty-blue-black-metal-e-10-cm-184803218207,9999 NOK,76cm,217cm,92cm,56cm,200cm,42cm,"Black Metal, E, 10 cm",184803218207,n,10,,217
126,sofacompany,Henry,https://no.sofacompany.com/media/catalog/product/cache/45033f42b5acfa54f2575f22eea402cc/2/0/207703166195_henry_3seater_1760x880grey_v1.jpg,,https://no.sofacompany.com/henry-3-seater-sofa-velour-lux-navy-walnut-natural-f-19-cm-207703166195,8999 NOK,86cm,207cm,91cm,57cm,186cm,47cm,"Walnut Natural, F, 19 cm",207703166195,n,19,,207
127,sofacompany,Henry,https://no.sofacompany.com/media/catalog/product/cache/45033f42b5acfa54f2575f22eea402cc/2/0/207703221195_henry_3seater_1760x880grey_v1.jpg,,https://no.sofacompany.com/henry-3-seater-sofa-danny-steel-grey-walnut-natural-f-19-cm-207703221195,8999 NOK,86cm,207cm,91cm,57cm,186cm,47cm,"Walnut Natural, F, 19 cm",207703221195,n,19,,207
128,sofacompany,Henry,https://no.sofacompany.com/media/catalog/product/cache/45033f42b5acfa54f2575f22eea402cc/2/0/207703153195_henry_3seater_1760x880grey_v1.jpg,,https://no.sofacompany.com/henry-3-seater-sofa-talent-cool-grey-walnut-natural-f-19-cm-207703153195,8999 NOK,86cm,207cm,91cm,57cm,186cm,47cm,"Walnut Natural, F, 19 cm",207703153195,n,19,,207
129,sofacompany,Harvey,https://no.sofacompany.com/media/catalog/product/cache/45033f42b5acfa54f2575f22eea402cc/2/1/212503166301_harvey_3seater_1760x880grey_v5.jpg,,https://no.sofacompany.com/harvey-3-seater-sofa-velour-lux-navy-black-metal-e-14-cm-212503166301,11999 NOK,79cm,222cm,96cm,53cm,182cm,45cm,"Black Metal, E, 14 cm",212503166301,n,14,,222
130,sofacompany,Astha,https://no.sofacompany.com/media/catalog/product/cache/45033f42b5acfa54f2575f22eea402cc/1/2/125603221294_astha_3seater_1760x880grey_v1_1.jpg,,https://no.sofacompany.com/astha-3-seater-sofa-danny-steel-grey-black-matt-pc-steel-c-17cm-125603221294,8999 NOK,83cm,218cm,89cm,56cm,198cm,46cm,"Black Matt PC Steel, C, 17cm",125603221294,n,17,,218
131,sofacompany,Astha,https://no.sofacompany.com/media/catalog/product/cache/45033f42b5acfa54f2575f22eea402cc/1/2/125603236294_astha_3seater_1760x880grey_v1.jpg,,https://no.sofacompany.com/astha-3-seater-sofa-cura-dark-green-black-matt-pc-steel-c-17cm-125603236294,8999 NOK,83cm,218cm,89cm,56cm,198cm,46cm,"Black Matt PC Steel, C, 17cm",125603236294,n,17,,218
132,sofacompany,Astha,https://no.sofacompany.com/media/catalog/product/cache/45033f42b5acfa54f2575f22eea402cc/1/2/125603238294_astha_3seater_1760x880grey_v1.jpg,,https://no.sofacompany.com/astha-3-seater-sofa-cura-light-grey-black-matt-pc-steel-c-17cm-125603238294,8999 NOK,83cm,218cm,89cm,56cm,198cm,46cm,"Black Matt PC Steel, C, 17cm",125603238294,n,17,,218
133,sofacompany,Johan,https://no.sofacompany.com/media/catalog/product/cache/45033f42b5acfa54f2575f22eea402cc/0/7/074803228117_johan_3-seater_sofa_1760x880grey_v1.jpg,,https://no.sofacompany.com/johan-3-seater-sofa-elliot-light-grey-oak-e-17-cm-074803228117,9999 NOK,82cm,202cm,93cm,59cm,178cm,43cm,"Oak, E, 17 cm",074803228117,n,17,,202
134,sofacompany,Astha,https://no.sofacompany.com/media/catalog/product/cache/45033f42b5acfa54f2575f22eea402cc/1/2/125603237294_astha_3seater_1760x880grey_v1.jpg,,https://no.sofacompany.com/astha-3-seater-sofa-cura-light-blue-black-matt-pc-steel-c-17cm-125603237294,8999 NOK,83cm,218cm,89cm,56cm,198cm,46cm,"Black Matt PC Steel, C, 17cm",125603237294,n,17,,218
135,sofacompany,Harper,https://no.sofacompany.com/media/catalog/product/cache/45033f42b5acfa54f2575f22eea402cc/1/3/136703237336_harper_3seater_1760x880grey_v1_1.jpg,,https://no.sofacompany.com/harper-3-seater-sofa-cura-light-blue-oak-natural-b-19-cm-136703237336,8999 NOK,86cm,207cm,91cm,56cm,186cm,47cm,"Oak Natural, B, 19 cm",136703237336,n,19,,207
136,sofacompany,Astha,https://no.sofacompany.com/media/catalog/product/cache/45033f42b5acfa54f2575f22eea402cc/1/2/125609243294_astha_chaiselongleft_1760x880grey_v1.jpg,,https://no.sofacompany.com/astha-chaise-longue-sofa-planet-navy-black-matt-pc-steel-c-17cm-125609243294,13999 NOK,83cm,300cm,89cm,56cm,292cm,46cm,"Black Matt PC Steel, C, 17cm",125609243294,n,17,,300
137,sofacompany,Astha,https://no.sofacompany.com/media/catalog/product/cache/45033f42b5acfa54f2575f22eea402cc/1/2/125610243294_astha_chaiselongright_1760x880grey_v1.jpg,,https://no.sofacompany.com/astha-chaise-longue-sofa-planet-navy-black-matt-pc-steel-c-17cm-125610243294,13999 NOK,83cm,300cm,89cm,56cm,292cm,46cm,"Black Matt PC Steel, C, 17cm",125610243294,n,17,,300
138,sofacompany,Conrad,https://no.sofacompany.com/media/catalog/product/cache/45033f42b5acfa54f2575f22eea402cc/0/7/072809227340_conrad_chaiselong_left_1760x880grey_v1.jpg,,https://no.sofacompany.com/conrad-chaise-longue-sofa-elliot-stone-oak-natural-a-17-cm-072809227340,9999 NOK,80cm,217cm,92cm,61cm,196cm,45cm,"Oak Natural, A, 17 cm",072809227340,n,17,,217
139,sofacompany,Conrad,https://no.sofacompany.com/media/catalog/product/cache/45033f42b5acfa54f2575f22eea402cc/0/7/072810227340_conrad_chaiselong_right_1760x880grey_v1.jpg,,https://no.sofacompany.com/conrad-chaise-longue-sofa-elliot-stone-oak-natural-a-17-cm-072810227340,9999 NOK,80cm,217cm,92cm,61cm,196cm,45cm,"Oak Natural, A, 17 cm",072810227340,n,17,,217
140,sofacompany,Harvey,https://no.sofacompany.com/media/catalog/product/cache/45033f42b5acfa54f2575f22eea402cc/2/1/212503221301_harvey_3_seater_1760x880grey_v1.jpg,,https://no.sofacompany.com/harvey-3-seater-sofa-danny-steel-grey-black-metal-e-14-cm-212503221301,11999 NOK,79cm,222cm,96cm,53cm,182cm,45cm,"Black Metal, E, 14 cm",212503221301,n,14,,222
141,sofacompany,Astha,https://no.sofacompany.com/media/catalog/product/cache/45033f42b5acfa54f2575f22eea402cc/1/2/125603243294_astha_3seater_1760x880grey_v1.jpg,,https://no.sofacompany.com/astha-3-seater-sofa-planet-navy-black-matt-pc-steel-c-17cm-125603243294,8999 NOK,83cm,218cm,89cm,56cm,198cm,46cm,"Black Matt PC Steel, C, 17cm",125603243294,n,17,,218
142,sofacompany,Anna,https://no.sofacompany.com/media/catalog/product/cache/45033f42b5acfa54f2575f22eea402cc/2/2/222803124294_anna_3seater_1760x880grey_v1.jpg,,https://no.sofacompany.com/anna-3-seater-sofa-sunday-curry-black-matt-pc-steel-c-17cm-222803124294,8999 NOK,83cm,218cm,89cm,56cm,200cm,46cm,"Black Matt PC Steel, C, 17cm",222803124294,n,17,,218
143,sofacompany,Anna,https://no.sofacompany.com/media/catalog/product/cache/45033f42b5acfa54f2575f22eea402cc/2/2/222803166294_anna_3seater_1760x880grey_v1.jpg,,https://no.sofacompany.com/anna-3-seater-sofa-velour-lux-navy-black-matt-pc-steel-c-17cm-222803166294,8999 NOK,83cm,218cm,89cm,56cm,200cm,46cm,"Black Matt PC Steel, C, 17cm",222803166294,n,17,,218
144,sofacompany,Anna,https://no.sofacompany.com/media/catalog/product/cache/45033f42b5acfa54f2575f22eea402cc/2/2/222803241294_anna_3seater_1760x880grey_v1.jpg,,https://no.sofacompany.com/anna-3-seater-sofa-yazmin-lavender-black-matt-pc-steel-c-17cm-222803241294,8999 NOK,83cm,218cm,89cm,56cm,200cm,46cm,"Black Matt PC Steel, C, 17cm",222803241294,n,17,,218
145,sofacompany,Anna,https://no.sofacompany.com/media/catalog/product/cache/45033f42b5acfa54f2575f22eea402cc/2/2/222803242294_anna_3seater_1760x880grey_v1.jpg,,https://no.sofacompany.com/anna-3-seater-sofa-planet-grey-green-black-matt-pc-steel-c-17cm-222803242294,8999 NOK,83cm,218cm,89cm,56cm,200cm,46cm,"Black Matt PC Steel, C, 17cm",222803242294,n,17,,218
146,sofacompany,Easton,https://no.sofacompany.com/media/catalog/product/cache/45033f42b5acfa54f2575f22eea402cc/2/0/204509099316_easton_1760x880grey_v1.jpg,,https://no.sofacompany.com/easton-chaise-longue-sofa-fabio-grey-green-oak-f-15-cm-204509099316,14999 NOK,72cm,319cm,94cm,66cm,299cm,45cm,"Oak, F, 15 cm",204509099316,n,15,,319
147,sofacompany,Easton,https://no.sofacompany.com/media/catalog/product/cache/45033f42b5acfa54f2575f22eea402cc/2/0/204509228316_easton_1760x880grey_v1.jpg,,https://no.sofacompany.com/easton-chaise-longue-sofa-elliot-light-grey-oak-f-15-cm-204509228316,14999 NOK,72cm,319cm,94cm,66cm,299cm,45cm,"Oak, F, 15 cm",204509228316,n,15,,319
148,sofacompany,Easton,https://no.sofacompany.com/media/catalog/product/cache/45033f42b5acfa54f2575f22eea402cc/2/0/204510099316_easton_1760x880grey_v1.jpg,,https://no.sofacompany.com/easton-chaise-longue-sofa-fabio-grey-green-oak-f-15-cm-204510099316,14999 NOK,72cm,319cm,94cm,66cm,299cm,45cm,"Oak, F, 15 cm",204510099316,n,15,,319
149,sofacompany,Easton,https://no.sofacompany.com/media/catalog/product/cache/45033f42b5acfa54f2575f22eea402cc/2/0/204510228316_easton_1760x880grey_v1_1.jpg,,https://no.sofacompany.com/easton-chaise-longue-sofa-elliot-light-grey-oak-f-15-cm-204510228316,14999 NOK,72cm,319cm,94cm,66cm,299cm,45cm,"Oak, F, 15 cm",204510228316,n,15,,319
150,sofacompany,Conrad,https://no.sofacompany.com/media/catalog/product/cache/45033f42b5acfa54f2575f22eea402cc/2/4/240509099316_conrad_chaiselong_sofa_left_1024x680white__v1.jpg,,https://no.sofacompany.com/conrad-chaise-longue-sofa-fabio-grey-green-oak-f-15-cm-240509099316,11999 NOK,78cm,223cm,92cm,59cm,196cm,45cm,"Oak, F, 15 cm",240509099316,n,15,,223
151,sofacompany,Conrad,https://no.sofacompany.com/media/catalog/product/cache/45033f42b5acfa54f2575f22eea402cc/2/4/240509166315_conrad_chaiselong_sofa_left_1760x880grey_v1.jpg,,https://no.sofacompany.com/conrad-chaise-longue-sofa-velour-lux-navy-walnut-natural-f-15-cm-240509166315,11999 NOK,78cm,223cm,92cm,59cm,196cm,45cm,"Walnut Natural, F, 15 cm",240509166315,n,15,,223
152,sofacompany,Conrad,https://no.sofacompany.com/media/catalog/product/cache/45033f42b5acfa54f2575f22eea402cc/2/4/240509177317_conrad_chaiselong_sofa_left_1760x880grey_v1.jpg,,https://no.sofacompany.com/conrad-chaise-longue-sofa-olena-light-grey-oak-soap-f-15-cm-240509177317,11999 NOK,78cm,223cm,92cm,59cm,196cm,45cm,"Oak Soap, F, 15 cm",240509177317,n,15,,223
153,sofacompany,Conrad,https://no.sofacompany.com/media/catalog/product/cache/45033f42b5acfa54f2575f22eea402cc/2/4/240509193316_conrad_chaiselong_sofa_left_1760x880grey_v1.jpg,,https://no.sofacompany.com/conrad-chaise-longue-sofa-vega-dusty-blue-oak-f-15-cm-240509193316,11999 NOK,78cm,223cm,92cm,59cm,196cm,45cm,"Oak, F, 15 cm",240509193316,n,15,,223
154,sofacompany,Conrad,https://no.sofacompany.com/media/catalog/product/cache/45033f42b5acfa54f2575f22eea402cc/2/4/240509227316_conrad_chaiselong_sofa_left_1760x880grey_v1.jpg,,https://no.sofacompany.com/conrad-chaise-longue-sofa-elliot-stone-oak-f-15-cm-240509227316,11999 NOK,78cm,223cm,92cm,59cm,196cm,45cm,"Oak, F, 15 cm",240509227316,n,15,,223
155,sofacompany,Conrad,https://no.sofacompany.com/media/catalog/product/cache/45033f42b5acfa54f2575f22eea402cc/2/4/240510099316_conrad_chaiselong_sofa_right_1760x880grey_v1.jpg,,https://no.sofacompany.com/conrad-chaise-longue-sofa-fabio-grey-green-oak-f-15-cm-240510099316,11999 NOK,78cm,223cm,92cm,59cm,196cm,45cm,"Oak, F, 15 cm",240510099316,n,15,,223
156,sofacompany,Conrad,https://no.sofacompany.com/media/catalog/product/cache/45033f42b5acfa54f2575f22eea402cc/2/4/240510166315_conrad_chaiselong_sofa_right_1760x880grey_v1.jpg,,https://no.sofacompany.com/conrad-chaise-longue-sofa-velour-lux-navy-walnut-natural-f-15-cm-240510166315,11999 NOK,78cm,223cm,92cm,59cm,196cm,45cm,"Walnut Natural, F, 15 cm",240510166315,n,15,,223
157,sofacompany,Conrad,https://no.sofacompany.com/media/catalog/product/cache/45033f42b5acfa54f2575f22eea402cc/2/4/240510177317_conrad_chaiselong_sofa_right_1760x880grey_v1.jpg,,https://no.sofacompany.com/conrad-chaise-longue-sofa-olena-light-grey-oak-soap-f-15-cm-240510177317,11999 NOK,78cm,223cm,92cm,59cm,196cm,45cm,"Oak Soap, F, 15 cm",240510177317,n,15,,223
158,sofacompany,Conrad,https://no.sofacompany.com/media/catalog/product/cache/45033f42b5acfa54f2575f22eea402cc/2/4/240150193316_conrad_chaiselong_sofa_right_1760x880grey_v1.jpg,,https://no.sofacompany.com/conrad-chaise-longue-sofa-vega-dusty-blue-oak-f-15-cm-240510193316,11999 NOK,78cm,223cm,92cm,59cm,196cm,45cm,"Oak, F, 15 cm",240510193316,n,15,,223
159,sofacompany,Conrad,https://no.sofacompany.com/media/catalog/product/cache/45033f42b5acfa54f2575f22eea402cc/2/4/240510227316_conrad_chaiselong_sofa_right_1760x880grey_v1.jpg,,https://no.sofacompany.com/conrad-chaise-longue-sofa-elliot-stone-oak-f-15-cm-240510227316,11999 NOK,78cm,223cm,92cm,59cm,196cm,45cm,"Oak, F, 15 cm",240510227316,n,15,,223
160,sofacompany,Douglas,https://no.sofacompany.com/media/catalog/product/cache/45033f42b5acfa54f2575f22eea402cc/1/9/190803204216_douglas_3seater_1760x880grey_v1.jpg,,https://no.sofacompany.com/douglas-3-seater-sofa-sorrento-steel-blue-oak-soap-e-10-cm-190803204216,8999 NOK,83cm,218cm,97cm,60cm,185cm,43cm,"Oak Soap, E, 10 cm",190803204216,n,10,,218
161,sofacompany,Douglas,https://no.sofacompany.com/media/catalog/product/cache/45033f42b5acfa54f2575f22eea402cc/1/9/190803202215_douglas_3seater_1760x880grey_v1.jpg,,https://no.sofacompany.com/douglas-3-seater-sofa-agnes-brown-oak-e-10-cm-190803202215,8999 NOK,83cm,218cm,97cm,60cm,185cm,43cm,"Oak, E, 10 cm",190803202215,n,10,,218
162,sofacompany,Herman,https://no.sofacompany.com/media/catalog/product/cache/45033f42b5acfa54f2575f22eea402cc/2/4/240003124123_herman_3seater_1760x880grey_v1_1.jpg,,https://no.sofacompany.com/herman-3-seater-sofa-sunday-curry-oak-soap-a-20-cm-240003124123,6999 NOK,80cm,181cm,77cm,51cm,153cm,46cm,"Oak Soap, A, 20 cm",240003124123,n,20,,181
163,sofacompany,Conrad,https://no.sofacompany.com/media/catalog/product/cache/45033f42b5acfa54f2575f22eea402cc/2/4/240503099316_conrad_chaiselong_sofa_1760x880grey_v1.jpg,,https://no.sofacompany.com/conrad-3-seater-sofa-fabio-grey-green-oak-f-15-cm-240503099316,9999 NOK,78cm,220cm,92cm,59cm,196cm,45cm,"Oak, F, 15 cm",240503099316,n,15,,220
164,sofacompany,Conrad,https://no.sofacompany.com/media/catalog/product/cache/45033f42b5acfa54f2575f22eea402cc/2/4/240503166315_conrad_chaiselong_sofa_1760x880grey_v1.jpg,,https://no.sofacompany.com/conrad-3-seater-sofa-velour-lux-navy-walnut-natural-f-15-cm-240503166315,9999 NOK,78cm,220cm,92cm,59cm,196cm,45cm,"Walnut Natural, F, 15 cm",240503166315,n,15,,220
165,sofacompany,Conrad,https://no.sofacompany.com/media/catalog/product/cache/45033f42b5acfa54f2575f22eea402cc/2/4/240503227316_conrad_3-seater_sofa_1760x880grey_v1.jpg,,https://no.sofacompany.com/conrad-3-seater-sofa-elliot-stone-oak-f-15-cm-240503227316,9999 NOK,78cm,220cm,92cm,59cm,196cm,45cm,"Oak, F, 15 cm",240503227316,n,15,,220
166,sofacompany,Herman,https://no.sofacompany.com/media/catalog/product/cache/45033f42b5acfa54f2575f22eea402cc/2/4/240003228123_herman_3seater_1760x880grey_v1.jpg,,https://no.sofacompany.com/herman-3-seater-sofa-elliot-light-grey-oak-soap-a-20-cm-240003228123,6999 NOK,80cm,181cm,77cm,51cm,153cm,46cm,"Oak Soap, A, 20 cm",240003228123,n,20,,181
